2021-09-17T00:56:57.137+09:00,gold1,IdeState,Active,HW3,Editor,C:/Users/gold1/IdeaProjects/HW3/src/ArrayEnum.java,ArrayEnum::getCommand,65,9,Default task
2021-09-17T00:56:58.138+09:00,gold1,IdeState,Active,HW3,Editor,C:/Users/gold1/IdeaProjects/HW3/src/ArrayEnum.java,ArrayEnum::sum,79,29,Default task
2021-09-17T00:56:59.152+09:00,gold1,IdeState,Active,HW3,Editor,C:/Users/gold1/IdeaProjects/HW3/src/ArrayEnum.java,ArrayEnum::sum,79,29,Default task
2021-09-17T00:57:00.157+09:00,gold1,IdeState,Active,HW3,Editor,C:/Users/gold1/IdeaProjects/HW3/src/ArrayEnum.java,ArrayEnum::sum,79,29,Default task
2021-09-17T00:57:01.171+09:00,gold1,IdeState,Active,HW3,Editor,C:/Users/gold1/IdeaProjects/HW3/src/ArrayEnum.java,ArrayEnum::sum,79,29,Default task
2021-09-17T00:57:02.181+09:00,gold1,IdeState,Active,HW3,Editor,C:/Users/gold1/IdeaProjects/HW3/src/ArrayEnum.java,ArrayEnum::sum,79,29,Default task
2021-09-17T00:57:03.190+09:00,gold1,IdeState,Active,HW3,Editor,C:/Users/gold1/IdeaProjects/HW3/src/ArrayEnum.java,ArrayEnum::sum,79,29,Default task
2021-09-17T00:57:04.197+09:00,gold1,IdeState,Active,HW3,Editor,C:/Users/gold1/IdeaProjects/HW3/src/ArrayEnum.java,ArrayEnum::sum,79,29,Default task
2021-09-17T00:57:05.209+09:00,gold1,IdeState,Active,HW3,Editor,C:/Users/gold1/IdeaProjects/HW3/src/ArrayEnum.java,ArrayEnum::sum,79,29,Default task
2021-09-17T00:57:06.220+09:00,gold1,IdeState,Active,HW3,Editor,C:/Users/gold1/IdeaProjects/HW3/src/ArrayEnum.java,ArrayEnum::sum,79,29,Default task
2021-09-17T00:57:07.231+09:00,gold1,IdeState,Active,HW3,Editor,C:/Users/gold1/IdeaProjects/HW3/src/ArrayEnum.java,ArrayEnum::sum,79,29,Default task
2021-09-17T00:57:08.241+09:00,gold1,IdeState,Active,HW3,Editor,C:/Users/gold1/IdeaProjects/HW3/src/ArrayEnum.java,ArrayEnum::sum,79,29,Default task
2021-09-17T00:57:09.245+09:00,gold1,IdeState,Active,HW3,Editor,C:/Users/gold1/IdeaProjects/HW3/src/ArrayEnum.java,ArrayEnum::sum,79,29,Default task
2021-09-17T00:57:10.252+09:00,gold1,IdeState,Active,HW3,Editor,C:/Users/gold1/IdeaProjects/HW3/src/ArrayEnum.java,ArrayEnum::sum,79,29,Default task
2021-09-17T00:57:11.263+09:00,gold1,IdeState,Active,HW3,Editor,C:/Users/gold1/IdeaProjects/HW3/src/ArrayEnum.java,ArrayEnum::sum,79,29,Default task
2021-09-17T00:57:12.270+09:00,gold1,IdeState,Active,HW3,Editor,C:/Users/gold1/IdeaProjects/HW3/src/ArrayEnum.java,ArrayEnum::sum,79,29,Default task
2021-09-17T00:57:13.277+09:00,gold1,IdeState,Active,HW3,Editor,C:/Users/gold1/IdeaProjects/HW3/src/ArrayEnum.java,ArrayEnum::sum,79,29,Default task
2021-09-17T00:57:14.285+09:00,gold1,IdeState,Active,HW3,Editor,C:/Users/gold1/IdeaProjects/HW3/src/ArrayEnum.java,ArrayEnum::sum,79,29,Default task
2021-09-17T00:57:15.291+09:00,gold1,IdeState,Active,HW3,Editor,C:/Users/gold1/IdeaProjects/HW3/src/ArrayEnum.java,ArrayEnum::sum,79,29,Default task
2021-09-17T00:57:16.293+09:00,gold1,IdeState,Active,HW3,Editor,C:/Users/gold1/IdeaProjects/HW3/src/ArrayEnum.java,ArrayEnum::sum,79,29,Default task
2021-09-17T00:57:17.302+09:00,gold1,IdeState,Active,HW3,Editor,C:/Users/gold1/IdeaProjects/HW3/src/ArrayEnum.java,ArrayEnum::sum,79,29,Default task
2021-09-17T00:57:18.307+09:00,gold1,IdeState,Active,HW3,Editor,C:/Users/gold1/IdeaProjects/HW3/src/ArrayEnum.java,ArrayEnum::sum,79,29,Default task
2021-09-17T00:57:19.311+09:00,gold1,IdeState,Active,HW3,Editor,C:/Users/gold1/IdeaProjects/HW3/src/ArrayEnum.java,ArrayEnum::sum,79,29,Default task
2021-09-17T00:57:20.318+09:00,gold1,IdeState,Active,HW3,Editor,C:/Users/gold1/IdeaProjects/HW3/src/ArrayEnum.java,ArrayEnum::sum,79,29,Default task
2021-09-17T00:57:21.324+09:00,gold1,IdeState,Active,HW3,Editor,C:/Users/gold1/IdeaProjects/HW3/src/ArrayEnum.java,ArrayEnum::sum,79,29,Default task
2021-09-17T00:57:22.332+09:00,gold1,IdeState,Active,HW3,Editor,C:/Users/gold1/IdeaProjects/HW3/src/ArrayEnum.java,ArrayEnum::sum,79,29,Default task
2021-09-17T00:57:23.343+09:00,gold1,IdeState,Active,HW3,Editor,C:/Users/gold1/IdeaProjects/HW3/src/ArrayEnum.java,ArrayEnum::sum,79,29,Default task
2021-09-17T00:57:24.355+09:00,gold1,IdeState,Active,HW3,Editor,C:/Users/gold1/IdeaProjects/HW3/src/ArrayEnum.java,ArrayEnum::sum,79,29,Default task
2021-09-17T00:57:25.361+09:00,gold1,IdeState,Active,HW3,Editor,C:/Users/gold1/IdeaProjects/HW3/src/ArrayEnum.java,ArrayEnum::sum,79,29,Default task
2021-09-17T00:57:26.370+09:00,gold1,IdeState,Active,HW3,Editor,C:/Users/gold1/IdeaProjects/HW3/src/ArrayEnum.java,ArrayEnum::sum,79,29,Default task
2021-09-17T00:57:27.382+09:00,gold1,IdeState,Active,HW3,Editor,C:/Users/gold1/IdeaProjects/HW3/src/ArrayEnum.java,ArrayEnum::sum,79,29,Default task
2021-09-17T00:57:28.387+09:00,gold1,IdeState,Active,HW3,Editor,C:/Users/gold1/IdeaProjects/HW3/src/ArrayEnum.java,ArrayEnum::sum,79,29,Default task
2021-09-17T00:57:29.397+09:00,gold1,IdeState,Active,HW3,Editor,C:/Users/gold1/IdeaProjects/HW3/src/ArrayEnum.java,ArrayEnum::sum,79,29,Default task
2021-09-17T00:57:30.399+09:00,gold1,IdeState,Active,HW3,Editor,C:/Users/gold1/IdeaProjects/HW3/src/ArrayEnum.java,ArrayEnum::sum,79,29,Default task
2021-09-17T00:57:31.409+09:00,gold1,IdeState,Active,HW3,Editor,C:/Users/gold1/IdeaProjects/HW3/src/ArrayEnum.java,ArrayEnum::sum,79,29,Default task
2021-09-17T00:57:32.418+09:00,gold1,IdeState,Active,HW3,Editor,C:/Users/gold1/IdeaProjects/HW3/src/ArrayEnum.java,ArrayEnum::sum,79,29,Default task
2021-09-17T00:57:33.423+09:00,gold1,IdeState,Active,HW3,Editor,C:/Users/gold1/IdeaProjects/HW3/src/ArrayEnum.java,ArrayEnum::sum,79,29,Default task
2021-09-17T00:57:34.434+09:00,gold1,IdeState,Active,HW3,Editor,C:/Users/gold1/IdeaProjects/HW3/src/ArrayEnum.java,ArrayEnum::sum,79,29,Default task
2021-09-17T00:57:35.442+09:00,gold1,IdeState,Active,HW3,Editor,C:/Users/gold1/IdeaProjects/HW3/src/ArrayEnum.java,ArrayEnum::sum,79,29,Default task
2021-09-17T00:57:36.457+09:00,gold1,IdeState,Active,HW3,Editor,C:/Users/gold1/IdeaProjects/HW3/src/ArrayEnum.java,ArrayEnum::sum,79,29,Default task
2021-09-17T00:57:37.465+09:00,gold1,IdeState,Active,HW3,Editor,C:/Users/gold1/IdeaProjects/HW3/src/ArrayEnum.java,ArrayEnum::sum,79,29,Default task
2021-09-17T00:57:38.476+09:00,gold1,IdeState,Active,HW3,Editor,C:/Users/gold1/IdeaProjects/HW3/src/ArrayEnum.java,ArrayEnum::sum,79,29,Default task
2021-09-17T00:57:39.487+09:00,gold1,IdeState,Active,HW3,Editor,C:/Users/gold1/IdeaProjects/HW3/src/ArrayEnum.java,ArrayEnum::sum,79,29,Default task
2021-09-17T00:57:40.500+09:00,gold1,IdeState,Active,HW3,Editor,C:/Users/gold1/IdeaProjects/HW3/src/ArrayEnum.java,ArrayEnum::sum,79,29,Default task
2021-09-17T00:57:41.501+09:00,gold1,IdeState,Active,HW3,Editor,C:/Users/gold1/IdeaProjects/HW3/src/ArrayEnum.java,ArrayEnum::sum,79,29,Default task
2021-09-17T00:57:42.510+09:00,gold1,IdeState,Active,HW3,Editor,C:/Users/gold1/IdeaProjects/HW3/src/ArrayEnum.java,ArrayEnum::getCommand,69,0,Default task
2021-09-17T00:57:43.504+09:00,gold1,Action,EditorBackSpace,HW3,Editor,C:/Users/gold1/IdeaProjects/HW3/src/ArrayEnum.java,ArrayEnum::getCommand,69,0,Default task
2021-09-17T00:57:43.513+09:00,gold1,IdeState,Active,HW3,Editor,C:/Users/gold1/IdeaProjects/HW3/src/ArrayEnum.java,ArrayEnum::getCommand,68,9,Default task
2021-09-17T00:57:44.532+09:00,gold1,IdeState,Active,HW3,Editor,C:/Users/gold1/IdeaProjects/HW3/src/ArrayEnum.java,ArrayEnum::getCommand,68,9,Default task
2021-09-17T00:57:45.537+09:00,gold1,IdeState,Active,HW3,Editor,C:/Users/gold1/IdeaProjects/HW3/src/ArrayEnum.java,ArrayEnum::getCommand,68,9,Default task
2021-09-17T00:57:46.548+09:00,gold1,IdeState,Active,HW3,Editor,C:/Users/gold1/IdeaProjects/HW3/src/ArrayEnum.java,ArrayEnum::getCommand,68,9,Default task
2021-09-17T00:57:47.551+09:00,gold1,IdeState,Active,HW3,Editor,C:/Users/gold1/IdeaProjects/HW3/src/ArrayEnum.java,ArrayEnum::getCommand,50,0,Default task
2021-09-17T00:57:48.562+09:00,gold1,IdeState,Active,HW3,Editor,C:/Users/gold1/IdeaProjects/HW3/src/ArrayEnum.java,ArrayEnum::getCommand,50,0,Default task
2021-09-17T00:57:49.576+09:00,gold1,IdeState,Active,HW3,Editor,C:/Users/gold1/IdeaProjects/HW3/src/ArrayEnum.java,ArrayEnum::getCommand,50,0,Default task
2021-09-17T00:57:50.581+09:00,gold1,IdeState,Active,HW3,Editor,C:/Users/gold1/IdeaProjects/HW3/src/ArrayEnum.java,ArrayEnum::getCommand,50,0,Default task
2021-09-17T00:57:51.586+09:00,gold1,IdeState,Active,HW3,Editor,C:/Users/gold1/IdeaProjects/HW3/src/ArrayEnum.java,ArrayEnum::getCommand,50,0,Default task
2021-09-17T00:57:52.592+09:00,gold1,IdeState,Active,HW3,Editor,C:/Users/gold1/IdeaProjects/HW3/src/ArrayEnum.java,ArrayEnum::getCommand,50,0,Default task
2021-09-17T00:57:52.616+09:00,gold1,Action,EditorBackSpace,HW3,Editor,C:/Users/gold1/IdeaProjects/HW3/src/ArrayEnum.java,ArrayEnum::getCommand,50,0,Default task
2021-09-17T00:57:53.598+09:00,gold1,IdeState,Active,HW3,Editor,C:/Users/gold1/IdeaProjects/HW3/src/ArrayEnum.java,ArrayEnum::getCommand,49,8,Default task
2021-09-17T00:57:54.611+09:00,gold1,IdeState,Active,HW3,Editor,C:/Users/gold1/IdeaProjects/HW3/src/ArrayEnum.java,ArrayEnum::getCommand,49,8,Default task
2021-09-17T00:57:55.622+09:00,gold1,IdeState,Active,HW3,Editor,C:/Users/gold1/IdeaProjects/HW3/src/ArrayEnum.java,ArrayEnum::getCommand,49,8,Default task
2021-09-17T00:57:56.627+09:00,gold1,IdeState,Active,HW3,Editor,C:/Users/gold1/IdeaProjects/HW3/src/ArrayEnum.java,ArrayEnum::getCommand,49,8,Default task
2021-09-17T00:57:57.637+09:00,gold1,IdeState,Active,HW3,Editor,C:/Users/gold1/IdeaProjects/HW3/src/ArrayEnum.java,ArrayEnum::getCommand,49,8,Default task
2021-09-17T00:57:58.644+09:00,gold1,IdeState,Active,HW3,Editor,C:/Users/gold1/IdeaProjects/HW3/src/ArrayEnum.java,ArrayEnum::getCommand,49,8,Default task
2021-09-17T00:57:59.657+09:00,gold1,IdeState,Active,HW3,Editor,C:/Users/gold1/IdeaProjects/HW3/src/ArrayEnum.java,ArrayEnum::getCommand,49,8,Default task
2021-09-17T00:58:00.667+09:00,gold1,IdeState,Active,HW3,Editor,C:/Users/gold1/IdeaProjects/HW3/src/ArrayEnum.java,ArrayEnum::getCommand,49,8,Default task
2021-09-17T00:58:01.675+09:00,gold1,IdeState,Active,HW3,Editor,C:/Users/gold1/IdeaProjects/HW3/src/ArrayEnum.java,ArrayEnum::getCommand,49,8,Default task
2021-09-17T00:58:02.679+09:00,gold1,IdeState,Active,HW3,Editor,C:/Users/gold1/IdeaProjects/HW3/src/ArrayEnum.java,ArrayEnum::getCommand,49,8,Default task
2021-09-17T00:58:03.688+09:00,gold1,IdeState,Active,HW3,Editor,C:/Users/gold1/IdeaProjects/HW3/src/ArrayEnum.java,ArrayEnum::getCommand,49,8,Default task
2021-09-17T00:58:04.692+09:00,gold1,IdeState,Active,HW3,Editor,C:/Users/gold1/IdeaProjects/HW3/src/ArrayEnum.java,ArrayEnum::getCommand,49,8,Default task
2021-09-17T00:58:05.698+09:00,gold1,IdeState,Active,HW3,Editor,C:/Users/gold1/IdeaProjects/HW3/src/ArrayEnum.java,ArrayEnum::getCommand,49,8,Default task
2021-09-17T00:58:06.707+09:00,gold1,IdeState,Active,HW3,Editor,C:/Users/gold1/IdeaProjects/HW3/src/ArrayEnum.java,ArrayEnum::getCommand,49,8,Default task
2021-09-17T00:58:07.715+09:00,gold1,IdeState,Active,HW3,Editor,C:/Users/gold1/IdeaProjects/HW3/src/ArrayEnum.java,ArrayEnum::getCommand,49,8,Default task
2021-09-17T00:58:08.729+09:00,gold1,IdeState,Active,HW3,Editor,C:/Users/gold1/IdeaProjects/HW3/src/ArrayEnum.java,ArrayEnum::getCommand,49,8,Default task
2021-09-17T00:58:09.737+09:00,gold1,IdeState,Active,HW3,Editor,C:/Users/gold1/IdeaProjects/HW3/src/ArrayEnum.java,ArrayEnum::getCommand,49,8,Default task
2021-09-17T00:58:10.742+09:00,gold1,IdeState,Active,HW3,Editor,C:/Users/gold1/IdeaProjects/HW3/src/ArrayEnum.java,ArrayEnum::getCommand,49,8,Default task
2021-09-17T00:58:11.744+09:00,gold1,IdeState,Active,HW3,Editor,C:/Users/gold1/IdeaProjects/HW3/src/ArrayEnum.java,ArrayEnum::getCommand,49,8,Default task
2021-09-17T00:58:12.751+09:00,gold1,IdeState,Active,HW3,Editor,C:/Users/gold1/IdeaProjects/HW3/src/ArrayEnum.java,ArrayEnum::getCommand,49,8,Default task
2021-09-17T00:58:13.754+09:00,gold1,IdeState,Active,HW3,Editor,C:/Users/gold1/IdeaProjects/HW3/src/ArrayEnum.java,ArrayEnum::getCommand,49,8,Default task
2021-09-17T00:58:14.759+09:00,gold1,IdeState,Active,HW3,Editor,C:/Users/gold1/IdeaProjects/HW3/src/ArrayEnum.java,ArrayEnum::getCommand,49,8,Default task
2021-09-17T00:58:15.763+09:00,gold1,IdeState,Active,HW3,Editor,C:/Users/gold1/IdeaProjects/HW3/src/ArrayEnum.java,ArrayEnum::getCommand,49,8,Default task
2021-09-17T00:58:16.774+09:00,gold1,IdeState,Active,HW3,Editor,C:/Users/gold1/IdeaProjects/HW3/src/ArrayEnum.java,ArrayEnum::getCommand,49,8,Default task
2021-09-17T00:58:17.787+09:00,gold1,IdeState,Active,HW3,Editor,C:/Users/gold1/IdeaProjects/HW3/src/ArrayEnum.java,ArrayEnum::getCommand,49,8,Default task
2021-09-17T00:58:18.796+09:00,gold1,IdeState,Active,HW3,Editor,C:/Users/gold1/IdeaProjects/HW3/src/ArrayEnum.java,ArrayEnum::getCommand,49,8,Default task
2021-09-17T00:58:19.802+09:00,gold1,IdeState,Active,HW3,Editor,C:/Users/gold1/IdeaProjects/HW3/src/ArrayEnum.java,ArrayEnum::getCommand,49,8,Default task
2021-09-17T00:58:20.809+09:00,gold1,IdeState,Active,HW3,Editor,C:/Users/gold1/IdeaProjects/HW3/src/ArrayEnum.java,ArrayEnum::getCommand,49,8,Default task
2021-09-17T00:58:21.819+09:00,gold1,IdeState,Active,HW3,Editor,C:/Users/gold1/IdeaProjects/HW3/src/ArrayEnum.java,ArrayEnum::getCommand,49,8,Default task
2021-09-17T00:58:22.824+09:00,gold1,IdeState,Active,HW3,Editor,C:/Users/gold1/IdeaProjects/HW3/src/ArrayEnum.java,ArrayEnum::getCommand,49,8,Default task
2021-09-17T00:58:23.838+09:00,gold1,IdeState,Active,HW3,Editor,C:/Users/gold1/IdeaProjects/HW3/src/ArrayEnum.java,ArrayEnum::getCommand,49,8,Default task
2021-09-17T00:58:24.840+09:00,gold1,IdeState,Active,HW3,Editor,C:/Users/gold1/IdeaProjects/HW3/src/ArrayEnum.java,ArrayEnum::getCommand,49,8,Default task
2021-09-17T00:58:25.853+09:00,gold1,IdeState,Active,HW3,Editor,C:/Users/gold1/IdeaProjects/HW3/src/ArrayEnum.java,ArrayEnum::getCommand,49,8,Default task
2021-09-17T00:58:26.861+09:00,gold1,IdeState,Active,HW3,Editor,C:/Users/gold1/IdeaProjects/HW3/src/ArrayEnum.java,ArrayEnum::getCommand,49,8,Default task
2021-09-17T00:58:27.866+09:00,gold1,IdeState,Active,HW3,Editor,C:/Users/gold1/IdeaProjects/HW3/src/ArrayEnum.java,ArrayEnum::getCommand,49,8,Default task
2021-09-17T00:58:28.870+09:00,gold1,IdeState,Active,HW3,Editor,C:/Users/gold1/IdeaProjects/HW3/src/ArrayEnum.java,ArrayEnum::getCommand,49,8,Default task
2021-09-17T00:58:29.876+09:00,gold1,IdeState,Active,HW3,Editor,C:/Users/gold1/IdeaProjects/HW3/src/ArrayEnum.java,ArrayEnum::getCommand,49,8,Default task
2021-09-17T00:58:30.878+09:00,gold1,IdeState,Active,HW3,Editor,C:/Users/gold1/IdeaProjects/HW3/src/ArrayEnum.java,ArrayEnum::getCommand,49,8,Default task
2021-09-17T00:58:31.883+09:00,gold1,IdeState,Active,HW3,Editor,C:/Users/gold1/IdeaProjects/HW3/src/ArrayEnum.java,ArrayEnum::getCommand,49,8,Default task
2021-09-17T00:58:32.891+09:00,gold1,IdeState,Active,HW3,Editor,C:/Users/gold1/IdeaProjects/HW3/src/ArrayEnum.java,ArrayEnum::getCommand,49,8,Default task
2021-09-17T00:58:33.896+09:00,gold1,IdeState,Active,HW3,Editor,C:/Users/gold1/IdeaProjects/HW3/src/ArrayEnum.java,ArrayEnum::getCommand,49,8,Default task
2021-09-17T00:58:34.904+09:00,gold1,IdeState,Active,HW3,Editor,C:/Users/gold1/IdeaProjects/HW3/src/ArrayEnum.java,ArrayEnum::getCommand,49,8,Default task
2021-09-17T00:58:35.910+09:00,gold1,IdeState,Active,HW3,Editor,C:/Users/gold1/IdeaProjects/HW3/src/ArrayEnum.java,ArrayEnum::getCommand,49,8,Default task
2021-09-17T00:58:36.916+09:00,gold1,IdeState,Active,HW3,Editor,C:/Users/gold1/IdeaProjects/HW3/src/ArrayEnum.java,ArrayEnum::getCommand,49,8,Default task
2021-09-17T00:58:37.926+09:00,gold1,IdeState,Active,HW3,Editor,C:/Users/gold1/IdeaProjects/HW3/src/ArrayEnum.java,ArrayEnum::getCommand,49,8,Default task
2021-09-17T00:58:38.938+09:00,gold1,IdeState,Active,HW3,Editor,C:/Users/gold1/IdeaProjects/HW3/src/ArrayEnum.java,ArrayEnum::getCommand,49,8,Default task
2021-09-17T00:58:39.940+09:00,gold1,IdeState,Active,HW3,Editor,C:/Users/gold1/IdeaProjects/HW3/src/ArrayEnum.java,ArrayEnum::getCommand,49,8,Default task
2021-09-17T00:58:40.950+09:00,gold1,IdeState,Active,HW3,Editor,C:/Users/gold1/IdeaProjects/HW3/src/ArrayEnum.java,ArrayEnum::getCommand,49,8,Default task
2021-09-17T00:58:41.959+09:00,gold1,IdeState,Active,HW3,Editor,C:/Users/gold1/IdeaProjects/HW3/src/ArrayEnum.java,ArrayEnum::getCommand,49,8,Default task
2021-09-17T00:58:42.967+09:00,gold1,IdeState,Active,HW3,Editor,C:/Users/gold1/IdeaProjects/HW3/src/ArrayEnum.java,ArrayEnum::getCommand,49,8,Default task
2021-09-17T00:58:43.970+09:00,gold1,IdeState,Active,HW3,Editor,C:/Users/gold1/IdeaProjects/HW3/src/ArrayEnum.java,ArrayEnum::getCommand,49,8,Default task
2021-09-17T00:58:44.976+09:00,gold1,IdeState,Active,HW3,Editor,C:/Users/gold1/IdeaProjects/HW3/src/ArrayEnum.java,ArrayEnum::getCommand,49,8,Default task
2021-09-17T00:58:45.980+09:00,gold1,IdeState,Active,HW3,Editor,C:/Users/gold1/IdeaProjects/HW3/src/ArrayEnum.java,ArrayEnum::getCommand,49,8,Default task
2021-09-17T00:58:46.989+09:00,gold1,IdeState,Active,HW3,Editor,C:/Users/gold1/IdeaProjects/HW3/src/ArrayEnum.java,ArrayEnum::getCommand,49,8,Default task
2021-09-17T00:58:47.994+09:00,gold1,IdeState,Active,HW3,Editor,C:/Users/gold1/IdeaProjects/HW3/src/ArrayEnum.java,ArrayEnum::getCommand,49,8,Default task
2021-09-17T00:58:49.004+09:00,gold1,IdeState,Active,HW3,Editor,C:/Users/gold1/IdeaProjects/HW3/src/ArrayEnum.java,ArrayEnum::getCommand,49,8,Default task
2021-09-17T00:58:50.009+09:00,gold1,IdeState,Active,HW3,Editor,C:/Users/gold1/IdeaProjects/HW3/src/ArrayEnum.java,ArrayEnum::getCommand,49,8,Default task
2021-09-17T00:58:51.012+09:00,gold1,IdeState,Active,HW3,Editor,C:/Users/gold1/IdeaProjects/HW3/src/ArrayEnum.java,ArrayEnum::getCommand,49,8,Default task
2021-09-17T00:58:52.023+09:00,gold1,IdeState,Active,HW3,Editor,C:/Users/gold1/IdeaProjects/HW3/src/ArrayEnum.java,ArrayEnum::getCommand,49,8,Default task
2021-09-17T00:58:53.031+09:00,gold1,IdeState,Active,HW3,Editor,C:/Users/gold1/IdeaProjects/HW3/src/ArrayEnum.java,ArrayEnum::getCommand,49,8,Default task
2021-09-17T00:58:54.034+09:00,gold1,IdeState,Active,HW3,Editor,C:/Users/gold1/IdeaProjects/HW3/src/ArrayEnum.java,ArrayEnum::getCommand,49,8,Default task
2021-09-17T00:58:55.038+09:00,gold1,IdeState,Active,HW3,Editor,C:/Users/gold1/IdeaProjects/HW3/src/ArrayEnum.java,ArrayEnum::getCommand,49,8,Default task
2021-09-17T00:58:56.042+09:00,gold1,IdeState,Active,HW3,Editor,C:/Users/gold1/IdeaProjects/HW3/src/ArrayEnum.java,ArrayEnum::getCommand,49,8,Default task
2021-09-17T00:58:57.048+09:00,gold1,IdeState,Active,HW3,Editor,C:/Users/gold1/IdeaProjects/HW3/src/ArrayEnum.java,ArrayEnum::getCommand,49,8,Default task
2021-09-17T00:58:58.052+09:00,gold1,IdeState,Active,HW3,Editor,C:/Users/gold1/IdeaProjects/HW3/src/ArrayEnum.java,ArrayEnum::getCommand,49,8,Default task
2021-09-17T00:58:59.068+09:00,gold1,IdeState,Active,HW3,Editor,C:/Users/gold1/IdeaProjects/HW3/src/ArrayEnum.java,ArrayEnum::getCommand,49,8,Default task
2021-09-17T00:59:00.075+09:00,gold1,IdeState,Active,HW3,Editor,C:/Users/gold1/IdeaProjects/HW3/src/ArrayEnum.java,ArrayEnum::getCommand,49,8,Default task
2021-09-17T00:59:01.078+09:00,gold1,IdeState,Active,HW3,Editor,C:/Users/gold1/IdeaProjects/HW3/src/ArrayEnum.java,ArrayEnum::getCommand,49,8,Default task
2021-09-17T00:59:02.084+09:00,gold1,IdeState,Active,HW3,Editor,C:/Users/gold1/IdeaProjects/HW3/src/ArrayEnum.java,ArrayEnum::getCommand,49,8,Default task
2021-09-17T00:59:03.092+09:00,gold1,IdeState,Active,HW3,Editor,C:/Users/gold1/IdeaProjects/HW3/src/ArrayEnum.java,ArrayEnum::getCommand,49,8,Default task
2021-09-17T00:59:04.096+09:00,gold1,IdeState,Active,HW3,Editor,C:/Users/gold1/IdeaProjects/HW3/src/ArrayEnum.java,ArrayEnum::getCommand,49,8,Default task
2021-09-17T00:59:05.100+09:00,gold1,IdeState,Active,HW3,Editor,C:/Users/gold1/IdeaProjects/HW3/src/ArrayEnum.java,ArrayEnum::getCommand,49,8,Default task
2021-09-17T00:59:06.104+09:00,gold1,IdeState,Active,HW3,Editor,C:/Users/gold1/IdeaProjects/HW3/src/ArrayEnum.java,ArrayEnum::getCommand,49,8,Default task
2021-09-17T00:59:07.109+09:00,gold1,IdeState,Active,HW3,Editor,C:/Users/gold1/IdeaProjects/HW3/src/ArrayEnum.java,ArrayEnum::getCommand,49,8,Default task
2021-09-17T00:59:08.113+09:00,gold1,IdeState,Active,HW3,Editor,C:/Users/gold1/IdeaProjects/HW3/src/ArrayEnum.java,ArrayEnum::getCommand,49,8,Default task
2021-09-17T00:59:09.122+09:00,gold1,IdeState,Active,HW3,Editor,C:/Users/gold1/IdeaProjects/HW3/src/ArrayEnum.java,ArrayEnum::getCommand,49,8,Default task
2021-09-17T00:59:10.128+09:00,gold1,IdeState,Active,HW3,Editor,C:/Users/gold1/IdeaProjects/HW3/src/ArrayEnum.java,ArrayEnum::getCommand,49,8,Default task
2021-09-17T00:59:11.132+09:00,gold1,IdeState,Active,HW3,Editor,C:/Users/gold1/IdeaProjects/HW3/src/ArrayEnum.java,ArrayEnum::getCommand,49,8,Default task
2021-09-17T00:59:12.138+09:00,gold1,IdeState,Active,HW3,Editor,C:/Users/gold1/IdeaProjects/HW3/src/ArrayEnum.java,ArrayEnum::getCommand,49,8,Default task
2021-09-17T00:59:13.139+09:00,gold1,IdeState,Active,HW3,Editor,C:/Users/gold1/IdeaProjects/HW3/src/ArrayEnum.java,ArrayEnum::getCommand,49,8,Default task
2021-09-17T00:59:14.141+09:00,gold1,IdeState,Active,HW3,Editor,C:/Users/gold1/IdeaProjects/HW3/src/ArrayEnum.java,ArrayEnum::getCommand,49,8,Default task
2021-09-17T00:59:15.148+09:00,gold1,IdeState,Active,HW3,Editor,C:/Users/gold1/IdeaProjects/HW3/src/ArrayEnum.java,ArrayEnum::getCommand,49,8,Default task
2021-09-17T00:59:16.164+09:00,gold1,IdeState,Active,HW3,Editor,C:/Users/gold1/IdeaProjects/HW3/src/ArrayEnum.java,ArrayEnum::getCommand,49,8,Default task
2021-09-17T00:59:17.170+09:00,gold1,IdeState,Active,HW3,Editor,C:/Users/gold1/IdeaProjects/HW3/src/ArrayEnum.java,ArrayEnum::getCommand,49,8,Default task
2021-09-17T00:59:18.179+09:00,gold1,IdeState,Active,HW3,Editor,C:/Users/gold1/IdeaProjects/HW3/src/ArrayEnum.java,ArrayEnum::getCommand,49,8,Default task
2021-09-17T00:59:19.181+09:00,gold1,IdeState,Active,HW3,Editor,C:/Users/gold1/IdeaProjects/HW3/src/ArrayEnum.java,ArrayEnum::getCommand,49,8,Default task
2021-09-17T00:59:20.183+09:00,gold1,IdeState,Active,HW3,Editor,C:/Users/gold1/IdeaProjects/HW3/src/ArrayEnum.java,ArrayEnum::getCommand,49,8,Default task
2021-09-17T00:59:21.190+09:00,gold1,IdeState,Active,HW3,Editor,C:/Users/gold1/IdeaProjects/HW3/src/ArrayEnum.java,ArrayEnum::getCommand,49,8,Default task
2021-09-17T00:59:22.192+09:00,gold1,IdeState,Active,HW3,Editor,C:/Users/gold1/IdeaProjects/HW3/src/ArrayEnum.java,ArrayEnum::getCommand,49,8,Default task
2021-09-17T00:59:23.195+09:00,gold1,IdeState,Active,HW3,Editor,C:/Users/gold1/IdeaProjects/HW3/src/ArrayEnum.java,ArrayEnum::getCommand,49,8,Default task
2021-09-17T00:59:24.199+09:00,gold1,IdeState,Active,HW3,Editor,C:/Users/gold1/IdeaProjects/HW3/src/ArrayEnum.java,ArrayEnum::getCommand,49,8,Default task
2021-09-17T00:59:25.205+09:00,gold1,IdeState,Active,HW3,Editor,C:/Users/gold1/IdeaProjects/HW3/src/ArrayEnum.java,ArrayEnum::getCommand,49,8,Default task
2021-09-17T00:59:26.207+09:00,gold1,IdeState,Active,HW3,Editor,C:/Users/gold1/IdeaProjects/HW3/src/ArrayEnum.java,ArrayEnum::getCommand,49,8,Default task
2021-09-17T00:59:27.214+09:00,gold1,IdeState,Active,HW3,Editor,C:/Users/gold1/IdeaProjects/HW3/src/ArrayEnum.java,ArrayEnum::getCommand,49,8,Default task
2021-09-17T00:59:28.217+09:00,gold1,IdeState,Active,HW3,Editor,C:/Users/gold1/IdeaProjects/HW3/src/ArrayEnum.java,ArrayEnum::getCommand,49,8,Default task
2021-09-17T00:59:29.218+09:00,gold1,IdeState,Active,HW3,Editor,C:/Users/gold1/IdeaProjects/HW3/src/ArrayEnum.java,ArrayEnum::getCommand,49,8,Default task
2021-09-17T00:59:30.223+09:00,gold1,IdeState,Active,HW3,Editor,C:/Users/gold1/IdeaProjects/HW3/src/ArrayEnum.java,ArrayEnum::getCommand,49,8,Default task
2021-09-17T00:59:31.228+09:00,gold1,IdeState,Active,HW3,Editor,C:/Users/gold1/IdeaProjects/HW3/src/ArrayEnum.java,ArrayEnum::getCommand,49,8,Default task
2021-09-17T00:59:32.231+09:00,gold1,IdeState,Active,HW3,Editor,C:/Users/gold1/IdeaProjects/HW3/src/ArrayEnum.java,ArrayEnum::getCommand,49,8,Default task
2021-09-17T00:59:33.236+09:00,gold1,IdeState,Active,HW3,Editor,C:/Users/gold1/IdeaProjects/HW3/src/ArrayEnum.java,ArrayEnum::getCommand,49,8,Default task
2021-09-17T00:59:34.241+09:00,gold1,IdeState,Active,HW3,Editor,C:/Users/gold1/IdeaProjects/HW3/src/ArrayEnum.java,ArrayEnum::getCommand,49,8,Default task
2021-09-17T00:59:35.246+09:00,gold1,IdeState,Active,HW3,Editor,C:/Users/gold1/IdeaProjects/HW3/src/ArrayEnum.java,ArrayEnum::getCommand,49,8,Default task
2021-09-17T00:59:36.248+09:00,gold1,IdeState,Active,HW3,Editor,C:/Users/gold1/IdeaProjects/HW3/src/ArrayEnum.java,ArrayEnum::getCommand,49,8,Default task
2021-09-17T00:59:37.254+09:00,gold1,IdeState,Active,HW3,Editor,C:/Users/gold1/IdeaProjects/HW3/src/ArrayEnum.java,ArrayEnum::getCommand,49,8,Default task
2021-09-17T00:59:38.261+09:00,gold1,IdeState,Active,HW3,Editor,C:/Users/gold1/IdeaProjects/HW3/src/ArrayEnum.java,ArrayEnum::getCommand,49,8,Default task
2021-09-17T00:59:39.265+09:00,gold1,IdeState,Active,HW3,Editor,C:/Users/gold1/IdeaProjects/HW3/src/ArrayEnum.java,ArrayEnum::getCommand,49,8,Default task
2021-09-17T00:59:40.269+09:00,gold1,IdeState,Active,HW3,Editor,C:/Users/gold1/IdeaProjects/HW3/src/ArrayEnum.java,ArrayEnum::getCommand,49,8,Default task
2021-09-17T00:59:41.272+09:00,gold1,IdeState,Active,HW3,Editor,C:/Users/gold1/IdeaProjects/HW3/src/ArrayEnum.java,ArrayEnum::getCommand,49,8,Default task
2021-09-17T00:59:42.275+09:00,gold1,IdeState,Active,HW3,Editor,C:/Users/gold1/IdeaProjects/HW3/src/ArrayEnum.java,ArrayEnum::getCommand,49,8,Default task
2021-09-17T00:59:43.280+09:00,gold1,IdeState,Active,HW3,Editor,C:/Users/gold1/IdeaProjects/HW3/src/ArrayEnum.java,ArrayEnum::getCommand,49,8,Default task
2021-09-17T00:59:44.284+09:00,gold1,IdeState,Active,HW3,Editor,C:/Users/gold1/IdeaProjects/HW3/src/ArrayEnum.java,ArrayEnum::getCommand,49,8,Default task
2021-09-17T00:59:45.287+09:00,gold1,IdeState,Active,HW3,Editor,C:/Users/gold1/IdeaProjects/HW3/src/ArrayEnum.java,ArrayEnum::getCommand,49,8,Default task
2021-09-17T00:59:46.295+09:00,gold1,IdeState,Active,HW3,Editor,C:/Users/gold1/IdeaProjects/HW3/src/ArrayEnum.java,ArrayEnum::getCommand,49,8,Default task
2021-09-17T00:59:47.302+09:00,gold1,IdeState,Active,HW3,Editor,C:/Users/gold1/IdeaProjects/HW3/src/ArrayEnum.java,ArrayEnum::getCommand,49,8,Default task
2021-09-17T00:59:48.309+09:00,gold1,IdeState,Active,HW3,Editor,C:/Users/gold1/IdeaProjects/HW3/src/ArrayEnum.java,ArrayEnum::getCommand,49,8,Default task
2021-09-17T00:59:49.313+09:00,gold1,IdeState,Active,HW3,Editor,C:/Users/gold1/IdeaProjects/HW3/src/ArrayEnum.java,ArrayEnum::getCommand,49,8,Default task
2021-09-17T00:59:50.316+09:00,gold1,IdeState,Active,HW3,Editor,C:/Users/gold1/IdeaProjects/HW3/src/ArrayEnum.java,ArrayEnum::getCommand,49,8,Default task
2021-09-17T00:59:51.322+09:00,gold1,IdeState,Active,HW3,Editor,C:/Users/gold1/IdeaProjects/HW3/src/ArrayEnum.java,ArrayEnum::getCommand,49,8,Default task
2021-09-17T00:59:52.326+09:00,gold1,IdeState,Active,HW3,Editor,C:/Users/gold1/IdeaProjects/HW3/src/ArrayEnum.java,ArrayEnum::getCommand,49,8,Default task
2021-09-17T00:59:53.328+09:00,gold1,IdeState,Active,HW3,Editor,C:/Users/gold1/IdeaProjects/HW3/src/ArrayEnum.java,ArrayEnum::getCommand,49,8,Default task
2021-09-17T00:59:54.331+09:00,gold1,IdeState,Active,HW3,Editor,C:/Users/gold1/IdeaProjects/HW3/src/ArrayEnum.java,ArrayEnum::getCommand,49,8,Default task
2021-09-17T00:59:55.337+09:00,gold1,IdeState,Active,HW3,Editor,C:/Users/gold1/IdeaProjects/HW3/src/ArrayEnum.java,ArrayEnum::getCommand,49,8,Default task
2021-09-17T00:59:56.345+09:00,gold1,IdeState,Active,HW3,Editor,C:/Users/gold1/IdeaProjects/HW3/src/ArrayEnum.java,ArrayEnum::getCommand,49,8,Default task
2021-09-17T00:59:57.352+09:00,gold1,IdeState,Active,HW3,Editor,C:/Users/gold1/IdeaProjects/HW3/src/ArrayEnum.java,ArrayEnum::getCommand,49,8,Default task
2021-09-17T00:59:58.357+09:00,gold1,IdeState,Active,HW3,Editor,C:/Users/gold1/IdeaProjects/HW3/src/ArrayEnum.java,ArrayEnum::getCommand,49,8,Default task
2021-09-17T00:59:59.362+09:00,gold1,IdeState,Active,HW3,Editor,C:/Users/gold1/IdeaProjects/HW3/src/ArrayEnum.java,ArrayEnum::getCommand,49,8,Default task
2021-09-17T01:00:00.370+09:00,gold1,IdeState,Active,HW3,Editor,C:/Users/gold1/IdeaProjects/HW3/src/ArrayEnum.java,ArrayEnum::getCommand,49,8,Default task
2021-09-17T01:00:01.374+09:00,gold1,IdeState,Active,HW3,Editor,C:/Users/gold1/IdeaProjects/HW3/src/ArrayEnum.java,ArrayEnum::getCommand,49,8,Default task
2021-09-17T01:00:02.380+09:00,gold1,IdeState,Active,HW3,Editor,C:/Users/gold1/IdeaProjects/HW3/src/ArrayEnum.java,ArrayEnum::getCommand,49,8,Default task
2021-09-17T01:00:03.385+09:00,gold1,IdeState,Active,HW3,Editor,C:/Users/gold1/IdeaProjects/HW3/src/ArrayEnum.java,ArrayEnum::getCommand,49,8,Default task
2021-09-17T01:00:04.388+09:00,gold1,IdeState,Active,HW3,Editor,C:/Users/gold1/IdeaProjects/HW3/src/ArrayEnum.java,ArrayEnum::getCommand,49,8,Default task
2021-09-17T01:00:05.391+09:00,gold1,IdeState,Active,HW3,Editor,C:/Users/gold1/IdeaProjects/HW3/src/ArrayEnum.java,ArrayEnum::getCommand,49,8,Default task
2021-09-17T01:00:06.397+09:00,gold1,IdeState,Active,HW3,Editor,C:/Users/gold1/IdeaProjects/HW3/src/ArrayEnum.java,ArrayEnum::getCommand,49,8,Default task
2021-09-17T01:00:07.402+09:00,gold1,IdeState,Active,HW3,Editor,C:/Users/gold1/IdeaProjects/HW3/src/ArrayEnum.java,ArrayEnum::getCommand,49,8,Default task
2021-09-17T01:00:08.405+09:00,gold1,IdeState,Active,HW3,Editor,C:/Users/gold1/IdeaProjects/HW3/src/ArrayEnum.java,ArrayEnum::getCommand,49,8,Default task
2021-09-17T01:00:09.414+09:00,gold1,IdeState,Active,HW3,Editor,C:/Users/gold1/IdeaProjects/HW3/src/ArrayEnum.java,ArrayEnum::getCommand,49,8,Default task
2021-09-17T01:00:10.423+09:00,gold1,IdeState,Active,HW3,Editor,C:/Users/gold1/IdeaProjects/HW3/src/ArrayEnum.java,ArrayEnum::getCommand,49,8,Default task
2021-09-17T01:00:11.434+09:00,gold1,IdeState,Active,HW3,Editor,C:/Users/gold1/IdeaProjects/HW3/src/ArrayEnum.java,ArrayEnum::getCommand,49,8,Default task
2021-09-17T01:00:12.442+09:00,gold1,IdeState,Active,HW3,Editor,C:/Users/gold1/IdeaProjects/HW3/src/ArrayEnum.java,ArrayEnum::getCommand,49,8,Default task
2021-09-17T01:00:13.457+09:00,gold1,IdeState,Active,HW3,Editor,C:/Users/gold1/IdeaProjects/HW3/src/ArrayEnum.java,ArrayEnum::getCommand,49,8,Default task
2021-09-17T01:00:14.471+09:00,gold1,IdeState,Active,HW3,Editor,C:/Users/gold1/IdeaProjects/HW3/src/ArrayEnum.java,ArrayEnum::getCommand,49,8,Default task
2021-09-17T01:00:15.474+09:00,gold1,IdeState,Active,HW3,Editor,C:/Users/gold1/IdeaProjects/HW3/src/ArrayEnum.java,ArrayEnum::getCommand,49,8,Default task
2021-09-17T01:00:16.478+09:00,gold1,IdeState,Active,HW3,Editor,C:/Users/gold1/IdeaProjects/HW3/src/ArrayEnum.java,ArrayEnum::getCommand,49,8,Default task
2021-09-17T01:00:17.485+09:00,gold1,IdeState,Active,HW3,Editor,C:/Users/gold1/IdeaProjects/HW3/src/ArrayEnum.java,ArrayEnum::getCommand,49,8,Default task
2021-09-17T01:00:18.494+09:00,gold1,IdeState,Active,HW3,Editor,C:/Users/gold1/IdeaProjects/HW3/src/ArrayEnum.java,ArrayEnum::getCommand,49,8,Default task
2021-09-17T01:00:19.499+09:00,gold1,IdeState,Active,HW3,Editor,C:/Users/gold1/IdeaProjects/HW3/src/ArrayEnum.java,ArrayEnum::getCommand,49,8,Default task
2021-09-17T01:00:20.502+09:00,gold1,IdeState,Active,HW3,Editor,C:/Users/gold1/IdeaProjects/HW3/src/ArrayEnum.java,ArrayEnum::getCommand,49,8,Default task
2021-09-17T01:00:21.505+09:00,gold1,IdeState,Active,HW3,Editor,C:/Users/gold1/IdeaProjects/HW3/src/ArrayEnum.java,ArrayEnum::getCommand,49,8,Default task
2021-09-17T01:00:22.510+09:00,gold1,IdeState,Active,HW3,Editor,C:/Users/gold1/IdeaProjects/HW3/src/ArrayEnum.java,ArrayEnum::getCommand,49,8,Default task
2021-09-17T01:00:23.514+09:00,gold1,IdeState,Active,HW3,Editor,C:/Users/gold1/IdeaProjects/HW3/src/ArrayEnum.java,ArrayEnum::getCommand,49,8,Default task
2021-09-17T01:00:24.519+09:00,gold1,IdeState,Active,HW3,Editor,C:/Users/gold1/IdeaProjects/HW3/src/ArrayEnum.java,ArrayEnum::getCommand,49,8,Default task
2021-09-17T01:00:25.523+09:00,gold1,IdeState,Active,HW3,Editor,C:/Users/gold1/IdeaProjects/HW3/src/ArrayEnum.java,ArrayEnum::getCommand,49,8,Default task
2021-09-17T01:00:26.525+09:00,gold1,IdeState,Active,HW3,Editor,C:/Users/gold1/IdeaProjects/HW3/src/ArrayEnum.java,ArrayEnum::getCommand,49,8,Default task
2021-09-17T01:00:27.534+09:00,gold1,IdeState,Active,HW3,Editor,C:/Users/gold1/IdeaProjects/HW3/src/ArrayEnum.java,ArrayEnum::getCommand,49,8,Default task
2021-09-17T01:00:28.539+09:00,gold1,IdeState,Active,HW3,Editor,C:/Users/gold1/IdeaProjects/HW3/src/ArrayEnum.java,ArrayEnum::getCommand,49,8,Default task
2021-09-17T01:00:29.545+09:00,gold1,IdeState,Active,HW3,Editor,C:/Users/gold1/IdeaProjects/HW3/src/ArrayEnum.java,ArrayEnum::getCommand,49,8,Default task
2021-09-17T01:00:30.551+09:00,gold1,IdeState,Active,HW3,Editor,C:/Users/gold1/IdeaProjects/HW3/src/ArrayEnum.java,ArrayEnum::getCommand,49,8,Default task
2021-09-17T01:00:31.552+09:00,gold1,IdeState,Active,HW3,Editor,C:/Users/gold1/IdeaProjects/HW3/src/ArrayEnum.java,ArrayEnum::getCommand,49,8,Default task
2021-09-17T01:00:32.555+09:00,gold1,IdeState,Active,HW3,Editor,C:/Users/gold1/IdeaProjects/HW3/src/ArrayEnum.java,ArrayEnum::getCommand,49,8,Default task
2021-09-17T01:00:33.558+09:00,gold1,IdeState,Active,HW3,Editor,C:/Users/gold1/IdeaProjects/HW3/src/ArrayEnum.java,ArrayEnum::getCommand,49,8,Default task
2021-09-17T01:00:34.563+09:00,gold1,IdeState,Active,HW3,Editor,C:/Users/gold1/IdeaProjects/HW3/src/ArrayEnum.java,ArrayEnum::getCommand,49,8,Default task
2021-09-17T01:00:35.571+09:00,gold1,IdeState,Active,HW3,Editor,C:/Users/gold1/IdeaProjects/HW3/src/ArrayEnum.java,ArrayEnum::getCommand,49,8,Default task
2021-09-17T01:00:36.578+09:00,gold1,IdeState,Active,HW3,Editor,C:/Users/gold1/IdeaProjects/HW3/src/ArrayEnum.java,ArrayEnum::getCommand,49,8,Default task
2021-09-17T01:00:37.581+09:00,gold1,IdeState,Active,HW3,Editor,C:/Users/gold1/IdeaProjects/HW3/src/ArrayEnum.java,ArrayEnum::getCommand,49,8,Default task
2021-09-17T01:00:38.589+09:00,gold1,IdeState,Active,HW3,Editor,C:/Users/gold1/IdeaProjects/HW3/src/ArrayEnum.java,ArrayEnum::getCommand,49,8,Default task
2021-09-17T01:00:39.595+09:00,gold1,IdeState,Active,HW3,Editor,C:/Users/gold1/IdeaProjects/HW3/src/ArrayEnum.java,ArrayEnum::getCommand,49,8,Default task
2021-09-17T01:00:40.598+09:00,gold1,IdeState,Active,HW3,Editor,C:/Users/gold1/IdeaProjects/HW3/src/ArrayEnum.java,ArrayEnum::getCommand,49,8,Default task
2021-09-17T01:00:41.602+09:00,gold1,IdeState,Active,HW3,Editor,C:/Users/gold1/IdeaProjects/HW3/src/ArrayEnum.java,ArrayEnum::getCommand,49,8,Default task
2021-09-17T01:00:42.606+09:00,gold1,IdeState,Active,HW3,Editor,C:/Users/gold1/IdeaProjects/HW3/src/ArrayEnum.java,ArrayEnum::getCommand,49,8,Default task
2021-09-17T01:00:43.611+09:00,gold1,IdeState,Active,HW3,Editor,C:/Users/gold1/IdeaProjects/HW3/src/ArrayEnum.java,ArrayEnum::getCommand,49,8,Default task
2021-09-17T01:00:44.616+09:00,gold1,IdeState,Active,HW3,Editor,C:/Users/gold1/IdeaProjects/HW3/src/ArrayEnum.java,ArrayEnum::getCommand,49,8,Default task
2021-09-17T01:00:45.624+09:00,gold1,IdeState,Active,HW3,Editor,C:/Users/gold1/IdeaProjects/HW3/src/ArrayEnum.java,ArrayEnum::getCommand,49,8,Default task
2021-09-17T01:00:46.629+09:00,gold1,IdeState,Active,HW3,Editor,C:/Users/gold1/IdeaProjects/HW3/src/ArrayEnum.java,ArrayEnum::getCommand,49,8,Default task
2021-09-17T01:00:47.644+09:00,gold1,IdeState,Active,HW3,Editor,C:/Users/gold1/IdeaProjects/HW3/src/ArrayEnum.java,ArrayEnum::getCommand,49,8,Default task
2021-09-17T01:00:48.652+09:00,gold1,IdeState,Active,HW3,Editor,C:/Users/gold1/IdeaProjects/HW3/src/ArrayEnum.java,ArrayEnum::getCommand,49,8,Default task
2021-09-17T01:00:49.654+09:00,gold1,IdeState,Active,HW3,Editor,C:/Users/gold1/IdeaProjects/HW3/src/ArrayEnum.java,ArrayEnum::getCommand,49,8,Default task
2021-09-17T01:00:50.656+09:00,gold1,IdeState,Active,HW3,Editor,C:/Users/gold1/IdeaProjects/HW3/src/ArrayEnum.java,ArrayEnum::getCommand,49,8,Default task
2021-09-17T01:00:51.663+09:00,gold1,IdeState,Active,HW3,Editor,C:/Users/gold1/IdeaProjects/HW3/src/ArrayEnum.java,ArrayEnum::getCommand,49,8,Default task
2021-09-17T01:00:52.667+09:00,gold1,IdeState,Active,HW3,Editor,C:/Users/gold1/IdeaProjects/HW3/src/ArrayEnum.java,ArrayEnum::getCommand,49,8,Default task
2021-09-17T01:00:53.671+09:00,gold1,IdeState,Active,HW3,Editor,C:/Users/gold1/IdeaProjects/HW3/src/ArrayEnum.java,ArrayEnum::getCommand,49,8,Default task
2021-09-17T01:00:54.675+09:00,gold1,IdeState,Active,HW3,Editor,C:/Users/gold1/IdeaProjects/HW3/src/ArrayEnum.java,ArrayEnum::getCommand,49,8,Default task
2021-09-17T01:00:55.679+09:00,gold1,IdeState,Active,HW3,Editor,C:/Users/gold1/IdeaProjects/HW3/src/ArrayEnum.java,ArrayEnum::getCommand,49,8,Default task
2021-09-17T01:00:56.681+09:00,gold1,IdeState,Active,HW3,Editor,C:/Users/gold1/IdeaProjects/HW3/src/ArrayEnum.java,ArrayEnum::getCommand,49,8,Default task
2021-09-17T01:00:57.696+09:00,gold1,IdeState,Active,HW3,Editor,C:/Users/gold1/IdeaProjects/HW3/src/ArrayEnum.java,ArrayEnum::getCommand,49,8,Default task
2021-09-17T01:00:58.712+09:00,gold1,IdeState,Active,HW3,Editor,C:/Users/gold1/IdeaProjects/HW3/src/ArrayEnum.java,ArrayEnum::getCommand,49,8,Default task
2021-09-17T01:00:59.713+09:00,gold1,IdeState,Active,HW3,Editor,C:/Users/gold1/IdeaProjects/HW3/src/ArrayEnum.java,ArrayEnum::getCommand,49,8,Default task
2021-09-17T01:01:00.730+09:00,gold1,IdeState,Active,HW3,Editor,C:/Users/gold1/IdeaProjects/HW3/src/ArrayEnum.java,ArrayEnum::getCommand,49,8,Default task
2021-09-17T01:01:01.733+09:00,gold1,IdeState,Active,HW3,Editor,C:/Users/gold1/IdeaProjects/HW3/src/ArrayEnum.java,ArrayEnum::getCommand,49,8,Default task
2021-09-17T01:01:02.738+09:00,gold1,IdeState,Active,HW3,Editor,C:/Users/gold1/IdeaProjects/HW3/src/ArrayEnum.java,ArrayEnum::getCommand,49,8,Default task
2021-09-17T01:01:03.742+09:00,gold1,IdeState,Active,HW3,Editor,C:/Users/gold1/IdeaProjects/HW3/src/ArrayEnum.java,ArrayEnum::getCommand,49,8,Default task
2021-09-17T01:01:04.747+09:00,gold1,IdeState,Active,HW3,Editor,C:/Users/gold1/IdeaProjects/HW3/src/ArrayEnum.java,ArrayEnum::getCommand,49,8,Default task
2021-09-17T01:01:05.748+09:00,gold1,IdeState,Active,HW3,Editor,C:/Users/gold1/IdeaProjects/HW3/src/ArrayEnum.java,ArrayEnum::getCommand,49,8,Default task
2021-09-17T01:01:06.749+09:00,gold1,IdeState,Active,HW3,Editor,C:/Users/gold1/IdeaProjects/HW3/src/ArrayEnum.java,ArrayEnum::getCommand,49,8,Default task
2021-09-17T01:01:07.751+09:00,gold1,IdeState,Active,HW3,Editor,C:/Users/gold1/IdeaProjects/HW3/src/ArrayEnum.java,ArrayEnum::getCommand,49,8,Default task
2021-09-17T01:01:08.754+09:00,gold1,IdeState,Active,HW3,Editor,C:/Users/gold1/IdeaProjects/HW3/src/ArrayEnum.java,ArrayEnum::getCommand,49,8,Default task
2021-09-17T01:01:09.762+09:00,gold1,IdeState,Active,HW3,Editor,C:/Users/gold1/IdeaProjects/HW3/src/ArrayEnum.java,ArrayEnum::getCommand,49,8,Default task
2021-09-17T01:01:10.767+09:00,gold1,IdeState,Active,HW3,Editor,C:/Users/gold1/IdeaProjects/HW3/src/ArrayEnum.java,ArrayEnum::getCommand,49,8,Default task
2021-09-17T01:01:11.771+09:00,gold1,IdeState,Active,HW3,Editor,C:/Users/gold1/IdeaProjects/HW3/src/ArrayEnum.java,ArrayEnum::getCommand,49,8,Default task
2021-09-17T01:01:12.778+09:00,gold1,IdeState,Active,HW3,Editor,C:/Users/gold1/IdeaProjects/HW3/src/ArrayEnum.java,ArrayEnum::getCommand,49,8,Default task
2021-09-17T01:01:13.789+09:00,gold1,IdeState,Active,HW3,Editor,C:/Users/gold1/IdeaProjects/HW3/src/ArrayEnum.java,ArrayEnum::getCommand,49,8,Default task
2021-09-17T01:01:14.797+09:00,gold1,IdeState,Active,HW3,Editor,C:/Users/gold1/IdeaProjects/HW3/src/ArrayEnum.java,ArrayEnum::getCommand,49,8,Default task
2021-09-17T01:01:15.810+09:00,gold1,IdeState,Active,HW3,Editor,C:/Users/gold1/IdeaProjects/HW3/src/ArrayEnum.java,ArrayEnum::getCommand,49,8,Default task
2021-09-17T01:01:16.814+09:00,gold1,IdeState,Active,HW3,Editor,C:/Users/gold1/IdeaProjects/HW3/src/ArrayEnum.java,ArrayEnum::getCommand,49,8,Default task
2021-09-17T01:01:17.821+09:00,gold1,IdeState,Active,HW3,Editor,C:/Users/gold1/IdeaProjects/HW3/src/ArrayEnum.java,ArrayEnum::getCommand,49,8,Default task
2021-09-17T01:01:18.825+09:00,gold1,IdeState,Active,HW3,Editor,C:/Users/gold1/IdeaProjects/HW3/src/ArrayEnum.java,ArrayEnum::getCommand,49,8,Default task
2021-09-17T01:01:19.837+09:00,gold1,IdeState,Active,HW3,Editor,C:/Users/gold1/IdeaProjects/HW3/src/ArrayEnum.java,ArrayEnum::getCommand,49,8,Default task
2021-09-17T01:01:20.849+09:00,gold1,IdeState,Active,HW3,Editor,C:/Users/gold1/IdeaProjects/HW3/src/ArrayEnum.java,ArrayEnum::getCommand,49,8,Default task
2021-09-17T01:01:21.859+09:00,gold1,IdeState,Active,HW3,Editor,C:/Users/gold1/IdeaProjects/HW3/src/ArrayEnum.java,ArrayEnum::getCommand,48,30,Default task
2021-09-17T01:01:22.488+09:00,gold1,Action,EditorBackSpace,HW3,Editor,C:/Users/gold1/IdeaProjects/HW3/src/ArrayEnum.java,ArrayEnum::getCommand,48,30,Default task
2021-09-17T01:01:22.873+09:00,gold1,IdeState,Active,HW3,Editor,C:/Users/gold1/IdeaProjects/HW3/src/ArrayEnum.java,ArrayEnum::getCommand,48,29,Default task
2021-09-17T01:01:23.319+09:00,gold1,Action,EditorEnter,HW3,Editor,C:/Users/gold1/IdeaProjects/HW3/src/ArrayEnum.java,ArrayEnum::getCommand,48,29,Default task
2021-09-17T01:01:23.885+09:00,gold1,IdeState,Active,HW3,Editor,C:/Users/gold1/IdeaProjects/HW3/src/ArrayEnum.java,ArrayEnum::getCommand,49,8,Default task
2021-09-17T01:01:24.909+09:00,gold1,IdeState,Active,HW3,Editor,C:/Users/gold1/IdeaProjects/HW3/src/ArrayEnum.java,ArrayEnum::getCommand,49,10,Default task
2021-09-17T01:01:25.920+09:00,gold1,IdeState,Active,HW3,Editor,C:/Users/gold1/IdeaProjects/HW3/src/ArrayEnum.java,ArrayEnum::getCommand,49,15,Default task
2021-09-17T01:01:26.934+09:00,gold1,IdeState,Active,HW3,Editor,C:/Users/gold1/IdeaProjects/HW3/src/ArrayEnum.java,ArrayEnum::getCommand,49,18,Default task
2021-09-17T01:01:27.944+09:00,gold1,IdeState,Active,HW3,Editor,C:/Users/gold1/IdeaProjects/HW3/src/ArrayEnum.java,ArrayEnum::getCommand,49,19,Default task
2021-09-17T01:01:28.955+09:00,gold1,IdeState,Active,HW3,Editor,C:/Users/gold1/IdeaProjects/HW3/src/ArrayEnum.java,ArrayEnum::getCommand,49,20,Default task
2021-09-17T01:01:29.969+09:00,gold1,IdeState,Active,HW3,Editor,C:/Users/gold1/IdeaProjects/HW3/src/ArrayEnum.java,ArrayEnum::getCommand,49,21,Default task
2021-09-17T01:01:30.978+09:00,gold1,IdeState,Active,HW3,Editor,C:/Users/gold1/IdeaProjects/HW3/src/ArrayEnum.java,ArrayEnum::getCommand,49,22,Default task
2021-09-17T01:01:31.984+09:00,gold1,IdeState,Active,HW3,Editor,C:/Users/gold1/IdeaProjects/HW3/src/ArrayEnum.java,ArrayEnum::getCommand,49,22,Default task
2021-09-17T01:01:32.996+09:00,gold1,IdeState,Active,HW3,Editor,C:/Users/gold1/IdeaProjects/HW3/src/ArrayEnum.java,ArrayEnum::getCommand,49,26,Default task
2021-09-17T01:01:33.287+09:00,gold1,Action,EditorLeft,HW3,Editor,C:/Users/gold1/IdeaProjects/HW3/src/ArrayEnum.java,ArrayEnum::getCommand,49,26,Default task
2021-09-17T01:01:33.440+09:00,gold1,Action,EditorLeft,HW3,Editor,C:/Users/gold1/IdeaProjects/HW3/src/ArrayEnum.java,ArrayEnum::getCommand,49,25,Default task
2021-09-17T01:01:33.593+09:00,gold1,Action,EditorLeft,HW3,Editor,C:/Users/gold1/IdeaProjects/HW3/src/ArrayEnum.java,ArrayEnum::getCommand,49,24,Default task
2021-09-17T01:01:33.761+09:00,gold1,Action,EditorLeft,HW3,Editor,C:/Users/gold1/IdeaProjects/HW3/src/ArrayEnum.java,ArrayEnum::getCommand,49,23,Default task
2021-09-17T01:01:33.905+09:00,gold1,Action,EditorLeft,HW3,Editor,C:/Users/gold1/IdeaProjects/HW3/src/ArrayEnum.java,ArrayEnum::getCommand,49,22,Default task
2021-09-17T01:01:34.007+09:00,gold1,IdeState,Active,HW3,Editor,C:/Users/gold1/IdeaProjects/HW3/src/ArrayEnum.java,ArrayEnum::getCommand,49,21,Default task
2021-09-17T01:01:34.081+09:00,gold1,Action,EditorLeft,HW3,Editor,C:/Users/gold1/IdeaProjects/HW3/src/ArrayEnum.java,ArrayEnum::getCommand,49,21,Default task
2021-09-17T01:01:35.021+09:00,gold1,IdeState,Active,HW3,Editor,C:/Users/gold1/IdeaProjects/HW3/src/ArrayEnum.java,ArrayEnum::getCommand,49,21,Default task
2021-09-17T01:01:36.030+09:00,gold1,IdeState,Active,HW3,Editor,C:/Users/gold1/IdeaProjects/HW3/src/ArrayEnum.java,ArrayEnum::getCommand,49,21,Default task
2021-09-17T01:01:37.042+09:00,gold1,IdeState,Active,HW3,Editor,C:/Users/gold1/IdeaProjects/HW3/src/ArrayEnum.java,ArrayEnum::getCommand,51,15,Default task
2021-09-17T01:01:38.053+09:00,gold1,IdeState,Active,HW3,Editor,C:/Users/gold1/IdeaProjects/HW3/src/ArrayEnum.java,ArrayEnum::getCommand,51,16,Default task
2021-09-17T01:01:39.068+09:00,gold1,IdeState,Active,HW3,Editor,C:/Users/gold1/IdeaProjects/HW3/src/ArrayEnum.java,ArrayEnum::getCommand,51,17,Default task
2021-09-17T01:01:40.084+09:00,gold1,IdeState,Active,HW3,Editor,C:/Users/gold1/IdeaProjects/HW3/src/ArrayEnum.java,ArrayEnum::getCommand,54,20,Default task
2021-09-17T01:01:41.090+09:00,gold1,IdeState,Active,HW3,Editor,C:/Users/gold1/IdeaProjects/HW3/src/ArrayEnum.java,ArrayEnum::getCommand,54,22,Default task
2021-09-17T01:01:42.101+09:00,gold1,IdeState,Active,HW3,Editor,C:/Users/gold1/IdeaProjects/HW3/src/ArrayEnum.java,ArrayEnum::getCommand,57,20,Default task
2021-09-17T01:01:43.112+09:00,gold1,IdeState,Active,HW3,Editor,C:/Users/gold1/IdeaProjects/HW3/src/ArrayEnum.java,ArrayEnum::getCommand,57,22,Default task
2021-09-17T01:01:44.127+09:00,gold1,IdeState,Active,HW3,Editor,C:/Users/gold1/IdeaProjects/HW3/src/ArrayEnum.java,ArrayEnum::getCommand,57,22,Default task
2021-09-17T01:01:45.133+09:00,gold1,IdeState,Active,HW3,Editor,C:/Users/gold1/IdeaProjects/HW3/src/ArrayEnum.java,ArrayEnum::getCommand,60,21,Default task
2021-09-17T01:01:46.145+09:00,gold1,IdeState,Active,HW3,Editor,C:/Users/gold1/IdeaProjects/HW3/src/ArrayEnum.java,ArrayEnum::getCommand,60,22,Default task
2021-09-17T01:01:47.157+09:00,gold1,IdeState,Active,HW3,Editor,C:/Users/gold1/IdeaProjects/HW3/src/ArrayEnum.java,ArrayEnum::getCommand,63,20,Default task
2021-09-17T01:01:48.160+09:00,gold1,IdeState,Active,HW3,Editor,C:/Users/gold1/IdeaProjects/HW3/src/ArrayEnum.java,ArrayEnum::getCommand,63,22,Default task
2021-09-17T01:01:49.175+09:00,gold1,IdeState,Active,HW3,Editor,C:/Users/gold1/IdeaProjects/HW3/src/ArrayEnum.java,ArrayEnum::getCommand,63,22,Default task
2021-09-17T01:01:50.179+09:00,gold1,IdeState,Active,HW3,Editor,C:/Users/gold1/IdeaProjects/HW3/src/ArrayEnum.java,ArrayEnum::getCommand,63,22,Default task
2021-09-17T01:01:50.327+09:00,gold1,Action,Run,HW3,Editor,C:/Users/gold1/IdeaProjects/HW3/src/ArrayEnum.java,ArrayEnum::getCommand,63,22,Default task
2021-09-17T01:01:51.241+09:00,gold1,IdeState,Active,HW3,Editor,C:/Users/gold1/IdeaProjects/HW3/src/ArrayEnum.java,ArrayEnum::getCommand,63,22,Default task
2021-09-17T01:01:52.254+09:00,gold1,IdeState,Active,HW3,Editor,C:/Users/gold1/IdeaProjects/HW3/src/ArrayEnum.java,ArrayEnum::getCommand,63,22,Default task
2021-09-17T01:01:53.268+09:00,gold1,IdeState,Active,HW3,Editor,C:/Users/gold1/IdeaProjects/HW3/src/ArrayEnum.java,ArrayEnum::getCommand,48,29,Default task
2021-09-17T01:01:54.281+09:00,gold1,IdeState,Active,HW3,Editor,C:/Users/gold1/IdeaProjects/HW3/src/ArrayEnum.java,ArrayEnum::getCommand,48,29,Default task
2021-09-17T01:01:55.284+09:00,gold1,IdeState,Active,HW3,Editor,C:/Users/gold1/IdeaProjects/HW3/src/ArrayEnum.java,ArrayEnum::getCommand,48,29,Default task
2021-09-17T01:01:56.293+09:00,gold1,IdeState,Active,HW3,Editor,C:/Users/gold1/IdeaProjects/HW3/src/ArrayEnum.java,ArrayEnum::getCommand,48,30,Default task
2021-09-17T01:01:56.871+09:00,gold1,Action,Run,HW3,Editor,C:/Users/gold1/IdeaProjects/HW3/src/ArrayEnum.java,ArrayEnum::getCommand,48,30,Default task
2021-09-17T01:01:57.295+09:00,gold1,IdeState,Active,HW3,Editor,C:/Users/gold1/IdeaProjects/HW3/src/ArrayEnum.java,ArrayEnum::getCommand,48,30,Default task
2021-09-17T01:01:58.300+09:00,gold1,IdeState,Active,HW3,Editor,C:/Users/gold1/IdeaProjects/HW3/src/ArrayEnum.java,ArrayEnum::getCommand,48,30,Default task
2021-09-17T01:01:59.313+09:00,gold1,IdeState,Active,HW3,Editor,C:/Users/gold1/IdeaProjects/HW3/src/ArrayEnum.java,ArrayEnum::getCommand,48,30,Default task
2021-09-17T01:02:00.324+09:00,gold1,IdeState,Active,HW3,Editor,C:/Users/gold1/IdeaProjects/HW3/src/ArrayEnum.java,ArrayEnum::getCommand,48,30,Default task
2021-09-17T01:02:01.333+09:00,gold1,IdeState,Active,HW3,Editor,C:/Users/gold1/IdeaProjects/HW3/src/ArrayEnum.java,ArrayEnum::getCommand,48,30,Default task
2021-09-17T01:02:02.343+09:00,gold1,IdeState,Active,HW3,Editor,C:/Users/gold1/IdeaProjects/HW3/src/ArrayEnum.java,ArrayEnum::getCommand,48,30,Default task
2021-09-17T01:02:03.347+09:00,gold1,IdeState,Active,HW3,Editor,C:/Users/gold1/IdeaProjects/HW3/src/ArrayEnum.java,ArrayEnum::getCommand,48,30,Default task
2021-09-17T01:02:04.348+09:00,gold1,IdeState,Active,HW3,Editor,C:/Users/gold1/IdeaProjects/HW3/src/ArrayEnum.java,ArrayEnum::getCommand,48,30,Default task
2021-09-17T01:02:05.354+09:00,gold1,IdeState,Active,HW3,Editor,C:/Users/gold1/IdeaProjects/HW3/src/ArrayEnum.java,ArrayEnum::getCommand,48,30,Default task
2021-09-17T01:02:06.365+09:00,gold1,IdeState,Active,HW3,Editor,C:/Users/gold1/IdeaProjects/HW3/src/ArrayEnum.java,ArrayEnum::getCommand,48,30,Default task
2021-09-17T01:02:07.255+09:00,gold1,Action,$Undo,HW3,Editor,C:/Users/gold1/IdeaProjects/HW3/src/ArrayEnum.java,ArrayEnum::getCommand,61,31,Default task
2021-09-17T01:02:07.367+09:00,gold1,IdeState,Active,HW3,Editor,C:/Users/gold1/IdeaProjects/HW3/src/ArrayEnum.java,ArrayEnum::getCommand,48,30,Default task
2021-09-17T01:02:07.416+09:00,gold1,Action,$Undo,HW3,Editor,C:/Users/gold1/IdeaProjects/HW3/src/ArrayEnum.java,ArrayEnum::getCommand,48,30,Default task
2021-09-17T01:02:07.551+09:00,gold1,Action,$Undo,HW3,Editor,C:/Users/gold1/IdeaProjects/HW3/src/ArrayEnum.java,ArrayEnum::getCommand,48,29,Default task
2021-09-17T01:02:07.759+09:00,gold1,Action,$Undo,HW3,Editor,C:/Users/gold1/IdeaProjects/HW3/src/ArrayEnum.java,ArrayEnum::getCommand,63,22,Default task
2021-09-17T01:02:08.080+09:00,gold1,Action,$Undo,HW3,Editor,C:/Users/gold1/IdeaProjects/HW3/src/ArrayEnum.java,ArrayEnum::getCommand,63,20,Default task
2021-09-17T01:02:08.343+09:00,gold1,Action,$Undo,HW3,Editor,C:/Users/gold1/IdeaProjects/HW3/src/ArrayEnum.java,ArrayEnum::getCommand,60,22,Default task
2021-09-17T01:02:08.375+09:00,gold1,IdeState,Active,HW3,Editor,C:/Users/gold1/IdeaProjects/HW3/src/ArrayEnum.java,ArrayEnum::getCommand,60,20,Default task
2021-09-17T01:02:08.550+09:00,gold1,Action,$Undo,HW3,Editor,C:/Users/gold1/IdeaProjects/HW3/src/ArrayEnum.java,ArrayEnum::getCommand,60,20,Default task
2021-09-17T01:02:08.878+09:00,gold1,Action,$Undo,HW3,Editor,C:/Users/gold1/IdeaProjects/HW3/src/ArrayEnum.java,ArrayEnum::getCommand,57,22,Default task
2021-09-17T01:02:09.110+09:00,gold1,Action,$Undo,HW3,Editor,C:/Users/gold1/IdeaProjects/HW3/src/ArrayEnum.java,ArrayEnum::getCommand,57,20,Default task
2021-09-17T01:02:09.380+09:00,gold1,IdeState,Active,HW3,Editor,C:/Users/gold1/IdeaProjects/HW3/src/ArrayEnum.java,ArrayEnum::getCommand,54,22,Default task
2021-09-17T01:02:09.382+09:00,gold1,Action,$Undo,HW3,Editor,C:/Users/gold1/IdeaProjects/HW3/src/ArrayEnum.java,ArrayEnum::getCommand,54,22,Default task
2021-09-17T01:02:09.607+09:00,gold1,Action,$Undo,HW3,Editor,C:/Users/gold1/IdeaProjects/HW3/src/ArrayEnum.java,ArrayEnum::getCommand,54,20,Default task
2021-09-17T01:02:09.792+09:00,gold1,Action,$Undo,HW3,Editor,C:/Users/gold1/IdeaProjects/HW3/src/ArrayEnum.java,ArrayEnum::getCommand,51,17,Default task
2021-09-17T01:02:10.063+09:00,gold1,Action,$Undo,HW3,Editor,C:/Users/gold1/IdeaProjects/HW3/src/ArrayEnum.java,ArrayEnum::getCommand,51,15,Default task
2021-09-17T01:02:10.279+09:00,gold1,Action,$Undo,HW3,Editor,C:/Users/gold1/IdeaProjects/HW3/src/ArrayEnum.java,ArrayEnum::getCommand,49,21,Default task
2021-09-17T01:02:10.392+09:00,gold1,IdeState,Active,HW3,Editor,C:/Users/gold1/IdeaProjects/HW3/src/ArrayEnum.java,ArrayEnum::getCommand,49,20,Default task
2021-09-17T01:02:10.543+09:00,gold1,Action,$Undo,HW3,Editor,C:/Users/gold1/IdeaProjects/HW3/src/ArrayEnum.java,ArrayEnum::getCommand,49,20,Default task
2021-09-17T01:02:10.831+09:00,gold1,Action,$Undo,HW3,Editor,C:/Users/gold1/IdeaProjects/HW3/src/ArrayEnum.java,ArrayEnum::getCommand,49,26,Default task
2021-09-17T01:02:11.079+09:00,gold1,Action,$Undo,HW3,Editor,C:/Users/gold1/IdeaProjects/HW3/src/ArrayEnum.java,ArrayEnum::getCommand,49,8,Default task
2021-09-17T01:02:11.403+09:00,gold1,IdeState,Active,HW3,Editor,C:/Users/gold1/IdeaProjects/HW3/src/ArrayEnum.java,ArrayEnum::getCommand,48,29,Default task
2021-09-17T01:02:12.287+09:00,gold1,Action,$Undo,HW3,Editor,C:/Users/gold1/IdeaProjects/HW3/src/ArrayEnum.java,ArrayEnum::getCommand,48,29,Default task
2021-09-17T01:02:12.418+09:00,gold1,IdeState,Active,HW3,Editor,C:/Users/gold1/IdeaProjects/HW3/src/ArrayEnum.java,ArrayEnum::getCommand,48,30,Default task
2021-09-17T01:02:13.429+09:00,gold1,IdeState,Active,HW3,Editor,C:/Users/gold1/IdeaProjects/HW3/src/ArrayEnum.java,ArrayEnum::getCommand,60,31,Default task
2021-09-17T01:02:14.434+09:00,gold1,IdeState,Active,HW3,Editor,C:/Users/gold1/IdeaProjects/HW3/src/ArrayEnum.java,ArrayEnum::getCommand,60,31,Default task
2021-09-17T01:02:15.445+09:00,gold1,IdeState,Active,HW3,Editor,C:/Users/gold1/IdeaProjects/HW3/src/ArrayEnum.java,ArrayEnum::getCommand,60,31,Default task
2021-09-17T01:02:16.453+09:00,gold1,IdeState,Active,HW3,Editor,C:/Users/gold1/IdeaProjects/HW3/src/ArrayEnum.java,ArrayEnum::getCommand,60,31,Default task
2021-09-17T01:02:17.460+09:00,gold1,IdeState,Active,HW3,Editor,C:/Users/gold1/IdeaProjects/HW3/src/ArrayEnum.java,ArrayEnum::getCommand,60,31,Default task
2021-09-17T01:02:18.474+09:00,gold1,IdeState,Active,HW3,Editor,C:/Users/gold1/IdeaProjects/HW3/src/ArrayEnum.java,ArrayEnum::getCommand,60,31,Default task
2021-09-17T01:02:19.486+09:00,gold1,IdeState,Active,HW3,Editor,C:/Users/gold1/IdeaProjects/HW3/src/ArrayEnum.java,ArrayEnum::getCommand,60,31,Default task
2021-09-17T01:02:20.499+09:00,gold1,IdeState,Active,HW3,Editor,C:/Users/gold1/IdeaProjects/HW3/src/ArrayEnum.java,ArrayEnum::getCommand,60,31,Default task
2021-09-17T01:02:21.514+09:00,gold1,IdeState,Inactive,,,,,-1,-1,
2021-09-17T01:02:22.525+09:00,gold1,IdeState,Inactive,,,,,-1,-1,
2021-09-17T01:02:23.534+09:00,gold1,IdeState,Inactive,,,,,-1,-1,
2021-09-17T01:02:24.535+09:00,gold1,IdeState,Inactive,,,,,-1,-1,
2021-09-17T01:02:25.536+09:00,gold1,IdeState,Inactive,,,,,-1,-1,
2021-09-17T01:02:26.537+09:00,gold1,IdeState,Inactive,,,,,-1,-1,
2021-09-17T01:02:27.539+09:00,gold1,IdeState,Inactive,,,,,-1,-1,
2021-09-17T01:02:28.549+09:00,gold1,IdeState,Inactive,,,,,-1,-1,
2021-09-17T01:02:29.553+09:00,gold1,IdeState,Inactive,,,,,-1,-1,
2021-09-17T01:02:30.567+09:00,gold1,IdeState,Inactive,,,,,-1,-1,
2021-09-17T01:02:31.582+09:00,gold1,IdeState,Inactive,,,,,-1,-1,
2021-09-17T01:02:32.589+09:00,gold1,IdeState,Inactive,,,,,-1,-1,
2021-09-17T01:02:33.599+09:00,gold1,IdeState,Inactive,,,,,-1,-1,
2021-09-17T01:02:34.600+09:00,gold1,IdeState,Inactive,,,,,-1,-1,
2021-09-17T01:02:35.611+09:00,gold1,IdeState,Inactive,,,,,-1,-1,
2021-09-17T01:02:36.614+09:00,gold1,IdeState,Inactive,,,,,-1,-1,
2021-09-17T01:02:37.615+09:00,gold1,IdeState,Inactive,,,,,-1,-1,
2021-09-17T01:02:38.626+09:00,gold1,IdeState,Inactive,,,,,-1,-1,
2021-09-17T01:02:39.633+09:00,gold1,IdeState,Inactive,,,,,-1,-1,
2021-09-17T01:02:40.636+09:00,gold1,IdeState,Inactive,,,,,-1,-1,
2021-09-17T01:02:41.648+09:00,gold1,IdeState,Inactive,,,,,-1,-1,
2021-09-17T01:02:42.661+09:00,gold1,IdeState,Inactive,,,,,-1,-1,
2021-09-17T01:02:43.663+09:00,gold1,IdeState,Inactive,,,,,-1,-1,
2021-09-17T01:02:44.665+09:00,gold1,IdeState,Inactive,,,,,-1,-1,
2021-09-17T01:02:45.674+09:00,gold1,IdeState,Inactive,,,,,-1,-1,
2021-09-17T01:02:46.687+09:00,gold1,IdeState,Inactive,,,,,-1,-1,
2021-09-17T01:02:47.702+09:00,gold1,IdeState,Inactive,,,,,-1,-1,
2021-09-17T01:02:48.711+09:00,gold1,IdeState,Inactive,,,,,-1,-1,
2021-09-17T01:02:49.722+09:00,gold1,IdeState,Inactive,,,,,-1,-1,
2021-09-17T01:02:50.729+09:00,gold1,IdeState,Inactive,,,,,-1,-1,
2021-09-17T01:02:51.731+09:00,gold1,IdeState,Inactive,,,,,-1,-1,
2021-09-17T01:02:52.739+09:00,gold1,IdeState,Inactive,,,,,-1,-1,
2021-09-17T01:02:53.753+09:00,gold1,IdeState,Inactive,,,,,-1,-1,
2021-09-17T01:02:54.760+09:00,gold1,IdeState,Inactive,,,,,-1,-1,
2021-09-17T01:02:55.770+09:00,gold1,IdeState,Inactive,,,,,-1,-1,
2021-09-17T01:02:56.775+09:00,gold1,IdeState,Inactive,,,,,-1,-1,
2021-09-17T01:02:57.779+09:00,gold1,IdeState,Inactive,,,,,-1,-1,
2021-09-17T01:02:58.787+09:00,gold1,IdeState,Inactive,,,,,-1,-1,
2021-09-17T01:02:59.791+09:00,gold1,IdeState,Inactive,,,,,-1,-1,
2021-09-17T01:03:00.807+09:00,gold1,IdeState,Inactive,,,,,-1,-1,
2021-09-17T01:03:01.808+09:00,gold1,IdeState,Inactive,,,,,-1,-1,
2021-09-17T01:03:02.820+09:00,gold1,IdeState,Inactive,,,,,-1,-1,
2021-09-17T01:03:03.831+09:00,gold1,IdeState,Inactive,,,,,-1,-1,
2021-09-17T01:03:04.838+09:00,gold1,IdeState,Inactive,,,,,-1,-1,
2021-09-17T01:03:05.842+09:00,gold1,IdeState,Inactive,,,,,-1,-1,
2021-09-17T01:03:06.846+09:00,gold1,IdeState,Inactive,,,,,-1,-1,
2021-09-17T01:03:07.855+09:00,gold1,IdeState,Inactive,,,,,-1,-1,
2021-09-17T01:03:08.866+09:00,gold1,IdeState,Inactive,,,,,-1,-1,
2021-09-17T01:03:09.869+09:00,gold1,IdeState,Active,HW3,Editor,C:/Users/gold1/IdeaProjects/HW3/src/ArrayEnum.java,ArrayEnum::getCommand,64,9,Default task
2021-09-17T01:03:09.895+09:00,gold1,Action,EditorEnter,HW3,Editor,C:/Users/gold1/IdeaProjects/HW3/src/ArrayEnum.java,ArrayEnum::getCommand,64,9,Default task
2021-09-17T01:03:10.880+09:00,gold1,IdeState,Active,HW3,Editor,C:/Users/gold1/IdeaProjects/HW3/src/ArrayEnum.java,ArrayEnum::getCommand,65,12,Default task
2021-09-17T01:03:11.831+09:00,gold1,Action,EditorBackSpace,HW3,Editor,C:/Users/gold1/IdeaProjects/HW3/src/ArrayEnum.java,ArrayEnum::getCommand,65,16,Default task
2021-09-17T01:03:11.885+09:00,gold1,IdeState,Active,HW3,Editor,C:/Users/gold1/IdeaProjects/HW3/src/ArrayEnum.java,ArrayEnum::getCommand,65,15,Default task
2021-09-17T01:03:12.895+09:00,gold1,IdeState,Active,HW3,Editor,C:/Users/gold1/IdeaProjects/HW3/src/ArrayEnum.java,ArrayEnum::getCommand,65,17,Default task
2021-09-17T01:03:13.899+09:00,gold1,IdeState,Active,HW3,Editor,C:/Users/gold1/IdeaProjects/HW3/src/ArrayEnum.java,ArrayEnum::getCommand,65,21,Default task
2021-09-17T01:03:14.905+09:00,gold1,IdeState,Active,HW3,Editor,C:/Users/gold1/IdeaProjects/HW3/src/ArrayEnum.java,ArrayEnum::getCommand,65,21,Default task
2021-09-17T01:03:15.127+09:00,gold1,Action,EditorChooseLookupItem,HW3,Editor,C:/Users/gold1/IdeaProjects/HW3/src/ArrayEnum.java,ArrayEnum::getCommand,65,21,Default task
2021-09-17T01:03:15.918+09:00,gold1,IdeState,Active,HW3,Editor,C:/Users/gold1/IdeaProjects/HW3/src/ArrayEnum.java,ArrayEnum::getCommand,65,29,Default task
2021-09-17T01:03:16.931+09:00,gold1,IdeState,Active,HW3,Editor,C:/Users/gold1/IdeaProjects/HW3/src/ArrayEnum.java,ArrayEnum::getCommand,65,30,Default task
2021-09-17T01:03:17.941+09:00,gold1,IdeState,Active,HW3,Editor,C:/Users/gold1/IdeaProjects/HW3/src/ArrayEnum.java,ArrayEnum::getCommand,65,30,Default task
2021-09-17T01:03:18.950+09:00,gold1,IdeState,Active,HW3,Editor,C:/Users/gold1/IdeaProjects/HW3/src/ArrayEnum.java,ArrayEnum::getCommand,65,33,Default task
2021-09-17T01:03:19.424+09:00,gold1,Action,EditorRight,HW3,Editor,C:/Users/gold1/IdeaProjects/HW3/src/ArrayEnum.java,ArrayEnum::getCommand,65,33,Default task
2021-09-17T01:03:19.585+09:00,gold1,Action,EditorRight,HW3,Editor,C:/Users/gold1/IdeaProjects/HW3/src/ArrayEnum.java,ArrayEnum::getCommand,65,34,Default task
2021-09-17T01:03:19.792+09:00,gold1,Action,EditorRight,HW3,Editor,C:/Users/gold1/IdeaProjects/HW3/src/ArrayEnum.java,ArrayEnum::getCommand,65,35,Default task
2021-09-17T01:03:19.963+09:00,gold1,IdeState,Active,HW3,Editor,C:/Users/gold1/IdeaProjects/HW3/src/ArrayEnum.java,ArrayEnum::getCommand,65,36,Default task
2021-09-17T01:03:20.968+09:00,gold1,IdeState,Active,HW3,Editor,C:/Users/gold1/IdeaProjects/HW3/src/ArrayEnum.java,ArrayEnum::getCommand,65,36,Default task
2021-09-17T01:03:21.279+09:00,gold1,Action,EditorEnter,HW3,Editor,C:/Users/gold1/IdeaProjects/HW3/src/ArrayEnum.java,ArrayEnum::getCommand,65,37,Default task
2021-09-17T01:03:21.980+09:00,gold1,IdeState,Active,HW3,Editor,C:/Users/gold1/IdeaProjects/HW3/src/ArrayEnum.java,ArrayEnum::getCommand,66,15,Default task
2021-09-17T01:03:22.993+09:00,gold1,IdeState,Active,HW3,Editor,C:/Users/gold1/IdeaProjects/HW3/src/ArrayEnum.java,ArrayEnum::getCommand,66,19,Default task
2021-09-17T01:03:23.400+09:00,gold1,Action,EditorBackSpace,HW3,Editor,C:/Users/gold1/IdeaProjects/HW3/src/ArrayEnum.java,ArrayEnum::getCommand,66,20,Default task
2021-09-17T01:03:24.009+09:00,gold1,IdeState,Active,HW3,Editor,C:/Users/gold1/IdeaProjects/HW3/src/ArrayEnum.java,ArrayEnum::getCommand,66,22,Default task
2021-09-17T01:03:25.020+09:00,gold1,IdeState,Active,HW3,Editor,C:/Users/gold1/IdeaProjects/HW3/src/ArrayEnum.java,ArrayEnum::getCommand,66,27,Default task
2021-09-17T01:03:26.026+09:00,gold1,IdeState,Active,HW3,Editor,C:/Users/gold1/IdeaProjects/HW3/src/ArrayEnum.java,ArrayEnum::getCommand,66,27,Default task
2021-09-17T01:03:26.569+09:00,gold1,Action,EditorDown,HW3,Editor,C:/Users/gold1/IdeaProjects/HW3/src/ArrayEnum.java,ArrayEnum::getCommand,66,27,Default task
2021-09-17T01:03:27.028+09:00,gold1,IdeState,Active,HW3,Editor,C:/Users/gold1/IdeaProjects/HW3/src/ArrayEnum.java,ArrayEnum::getCommand,66,27,Default task
2021-09-17T01:03:27.079+09:00,gold1,Action,EditorDown,HW3,Editor,C:/Users/gold1/IdeaProjects/HW3/src/ArrayEnum.java,ArrayEnum::getCommand,66,27,Default task
2021-09-17T01:03:27.107+09:00,gold1,Action,EditorDown,HW3,Editor,C:/Users/gold1/IdeaProjects/HW3/src/ArrayEnum.java,ArrayEnum::getCommand,66,27,Default task
2021-09-17T01:03:27.138+09:00,gold1,Action,EditorDown,HW3,Editor,C:/Users/gold1/IdeaProjects/HW3/src/ArrayEnum.java,ArrayEnum::getCommand,66,27,Default task
2021-09-17T01:03:27.169+09:00,gold1,Action,EditorDown,HW3,Editor,C:/Users/gold1/IdeaProjects/HW3/src/ArrayEnum.java,ArrayEnum::getCommand,66,27,Default task
2021-09-17T01:03:27.200+09:00,gold1,Action,EditorDown,HW3,Editor,C:/Users/gold1/IdeaProjects/HW3/src/ArrayEnum.java,ArrayEnum::getCommand,66,27,Default task
2021-09-17T01:03:27.257+09:00,gold1,Action,EditorDown,HW3,Editor,C:/Users/gold1/IdeaProjects/HW3/src/ArrayEnum.java,ArrayEnum::getCommand,66,27,Default task
2021-09-17T01:03:27.807+09:00,gold1,Action,EditorChooseLookupItem,HW3,Editor,C:/Users/gold1/IdeaProjects/HW3/src/ArrayEnum.java,ArrayEnum::getCommand,66,27,Default task
2021-09-17T01:03:28.032+09:00,gold1,IdeState,Active,HW3,Editor,C:/Users/gold1/IdeaProjects/HW3/src/ArrayEnum.java,ArrayEnum::getCommand,66,31,Default task
2021-09-17T01:03:29.045+09:00,gold1,IdeState,Active,HW3,Editor,C:/Users/gold1/IdeaProjects/HW3/src/ArrayEnum.java,ArrayEnum::getCommand,66,31,Default task
2021-09-17T01:03:30.049+09:00,gold1,IdeState,Active,HW3,Editor,C:/Users/gold1/IdeaProjects/HW3/src/ArrayEnum.java,ArrayEnum::getCommand,67,9,Default task
2021-09-17T01:03:31.056+09:00,gold1,IdeState,Active,HW3,Editor,C:/Users/gold1/IdeaProjects/HW3/src/ArrayEnum.java,ArrayEnum::getCommand,67,9,Default task
2021-09-17T01:03:32.065+09:00,gold1,IdeState,Active,HW3,Editor,C:/Users/gold1/IdeaProjects/HW3/src/ArrayEnum.java,ArrayEnum::getCommand,67,9,Default task
2021-09-17T01:03:33.068+09:00,gold1,IdeState,Active,HW3,Editor,C:/Users/gold1/IdeaProjects/HW3/src/ArrayEnum.java,ArrayEnum::getCommand,67,9,Default task
2021-09-17T01:03:34.078+09:00,gold1,IdeState,Active,HW3,Editor,C:/Users/gold1/IdeaProjects/HW3/src/ArrayEnum.java,ArrayEnum::getCommand,67,9,Default task
2021-09-17T01:03:34.079+09:00,gold1,Action,Run,HW3,Editor,C:/Users/gold1/IdeaProjects/HW3/src/ArrayEnum.java,ArrayEnum::getCommand,67,9,Default task
2021-09-17T01:03:35.086+09:00,gold1,IdeState,Active,HW3,Editor,C:/Users/gold1/IdeaProjects/HW3/src/ArrayEnum.java,ArrayEnum::getCommand,67,9,Default task
2021-09-17T01:03:36.092+09:00,gold1,IdeState,Active,HW3,Editor,C:/Users/gold1/IdeaProjects/HW3/src/ArrayEnum.java,ArrayEnum::getCommand,67,9,Default task
2021-09-17T01:03:37.106+09:00,gold1,IdeState,Active,HW3,Editor,C:/Users/gold1/IdeaProjects/HW3/src/ArrayEnum.java,ArrayEnum::getCommand,66,31,Default task
2021-09-17T01:03:38.119+09:00,gold1,IdeState,Active,HW3,Editor,C:/Users/gold1/IdeaProjects/HW3/src/ArrayEnum.java,ArrayEnum::getCommand,66,31,Default task
2021-09-17T01:03:39.134+09:00,gold1,IdeState,Active,HW3,Editor,C:/Users/gold1/IdeaProjects/HW3/src/ArrayEnum.java,ArrayEnum::getCommand,66,31,Default task
2021-09-17T01:03:40.054+09:00,gold1,Action,Run,HW3,Editor,C:/Users/gold1/IdeaProjects/HW3/src/ArrayEnum.java,ArrayEnum::getCommand,66,32,Default task
2021-09-17T01:03:40.148+09:00,gold1,IdeState,Active,HW3,Editor,C:/Users/gold1/IdeaProjects/HW3/src/ArrayEnum.java,ArrayEnum::getCommand,66,32,Default task
2021-09-17T01:03:41.152+09:00,gold1,IdeState,Active,HW3,Editor,C:/Users/gold1/IdeaProjects/HW3/src/ArrayEnum.java,ArrayEnum::getCommand,66,32,Default task
2021-09-17T01:03:42.177+09:00,gold1,IdeState,Active,HW3,Editor,C:/Users/gold1/IdeaProjects/HW3/src/ArrayEnum.java,ArrayEnum::getCommand,66,32,Default task
2021-09-17T01:03:43.184+09:00,gold1,IdeState,Active,HW3,Editor,C:/Users/gold1/IdeaProjects/HW3/src/ArrayEnum.java,ArrayEnum::getCommand,66,32,Default task
2021-09-17T01:03:44.197+09:00,gold1,IdeState,Active,HW3,Editor,C:/Users/gold1/IdeaProjects/HW3/src/ArrayEnum.java,ArrayEnum::getCommand,66,32,Default task
2021-09-17T01:03:45.207+09:00,gold1,IdeState,Active,HW3,Editor,C:/Users/gold1/IdeaProjects/HW3/src/ArrayEnum.java,ArrayEnum::getCommand,66,32,Default task
2021-09-17T01:03:46.213+09:00,gold1,IdeState,Active,HW3,Editor,C:/Users/gold1/IdeaProjects/HW3/src/ArrayEnum.java,ArrayEnum::getCommand,66,32,Default task
2021-09-17T01:03:47.226+09:00,gold1,IdeState,Active,HW3,Editor,C:/Users/gold1/IdeaProjects/HW3/src/ArrayEnum.java,ArrayEnum::getCommand,66,32,Default task
2021-09-17T01:03:48.229+09:00,gold1,IdeState,Active,HW3,Editor,C:/Users/gold1/IdeaProjects/HW3/src/ArrayEnum.java,ArrayEnum::getCommand,66,32,Default task
2021-09-17T01:03:49.231+09:00,gold1,IdeState,Active,HW3,Editor,C:/Users/gold1/IdeaProjects/HW3/src/ArrayEnum.java,ArrayEnum::getCommand,66,32,Default task
2021-09-17T01:03:50.236+09:00,gold1,IdeState,Active,HW3,Editor,C:/Users/gold1/IdeaProjects/HW3/src/ArrayEnum.java,ArrayEnum::getCommand,66,32,Default task
2021-09-17T01:03:51.239+09:00,gold1,IdeState,Active,HW3,Editor,C:/Users/gold1/IdeaProjects/HW3/src/ArrayEnum.java,ArrayEnum::getCommand,66,32,Default task
2021-09-17T01:03:52.249+09:00,gold1,IdeState,Active,HW3,Editor,C:/Users/gold1/IdeaProjects/HW3/src/ArrayEnum.java,ArrayEnum::getCommand,66,32,Default task
2021-09-17T01:03:53.259+09:00,gold1,IdeState,Active,HW3,Editor,C:/Users/gold1/IdeaProjects/HW3/src/ArrayEnum.java,ArrayEnum::getCommand,66,32,Default task
2021-09-17T01:03:54.276+09:00,gold1,IdeState,Active,HW3,Editor,C:/Users/gold1/IdeaProjects/HW3/src/ArrayEnum.java,ArrayEnum::getCommand,66,32,Default task
2021-09-17T01:03:55.281+09:00,gold1,IdeState,Inactive,,,,,-1,-1,
2021-09-17T01:03:56.295+09:00,gold1,IdeState,Inactive,,,,,-1,-1,
2021-09-17T01:03:57.307+09:00,gold1,IdeState,Inactive,,,,,-1,-1,
2021-09-17T01:03:58.321+09:00,gold1,IdeState,Inactive,,,,,-1,-1,
2021-09-17T01:03:59.331+09:00,gold1,IdeState,Inactive,,,,,-1,-1,
2021-09-17T01:04:00.345+09:00,gold1,IdeState,Inactive,,,,,-1,-1,
2021-09-17T01:04:01.362+09:00,gold1,IdeState,Active,HW3,Editor,C:/Users/gold1/IdeaProjects/HW3/src/ArrayEnum.java,ArrayEnum::getCommand,66,32,Default task
2021-09-17T01:04:02.372+09:00,gold1,IdeState,Active,HW3,Popup,C:/Users/gold1/IdeaProjects/HW3/src/ArrayEnum.java,ArrayEnum::getCommand,66,32,Default task
2021-09-17T01:04:03.381+09:00,gold1,IdeState,Active,HW3,Popup,C:/Users/gold1/IdeaProjects/HW3/src/ArrayEnum.java,ArrayEnum::getCommand,66,32,Default task
2021-09-17T01:04:04.390+09:00,gold1,IdeState,Active,HW3,Popup,C:/Users/gold1/IdeaProjects/HW3/src/ArrayEnum.java,ArrayEnum::getCommand,66,32,Default task
2021-09-17T01:04:05.395+09:00,gold1,IdeState,Active,HW3,Popup,C:/Users/gold1/IdeaProjects/HW3/src/ArrayEnum.java,ArrayEnum::getCommand,66,32,Default task
