2021-09-02T15:34:35.028+09:00,gold1,IdeState,Inactive,,,,,-1,-1,
2021-09-02T15:34:36.082+09:00,gold1,IdeState,NoProject,,,,,-1,-1,
2021-09-02T15:34:37.129+09:00,gold1,IdeState,Active,test,Popup,,,-1,-1,Default task
2021-09-02T15:34:38.447+09:00,gold1,IdeState,Active,test,Popup,C:/Users/gold1/IdeaProjects/test/src/HelloWorld.java,,4,1,Default task
2021-09-02T15:34:39.594+09:00,gold1,IdeState,Active,test,Popup,C:/Users/gold1/IdeaProjects/test/src/HelloWorld.java,,4,1,Default task
2021-09-02T15:34:40.647+09:00,gold1,IdeState,Active,test,Popup,C:/Users/gold1/IdeaProjects/test/src/HelloWorld.java,,4,1,Default task
2021-09-02T15:34:41.650+09:00,gold1,IdeState,Active,test,Popup,C:/Users/gold1/IdeaProjects/test/src/HelloWorld.java,,4,1,Default task
2021-09-02T15:34:42.657+09:00,gold1,IdeState,Active,test,Popup,C:/Users/gold1/IdeaProjects/test/src/HelloWorld.java,,4,1,Default task
2021-09-02T15:34:43.672+09:00,gold1,IdeState,Active,test,Popup,C:/Users/gold1/IdeaProjects/test/src/HelloWorld.java,,4,1,Default task
2021-09-02T15:34:44.683+09:00,gold1,IdeState,Active,test,Popup,,,-1,-1,Default task
2021-09-02T15:34:47.419+09:00,gold1,IdeState,Active,test,Popup,,,-1,-1,Default task
2021-09-02T15:34:48.422+09:00,gold1,IdeState,Active,test,Popup,,,-1,-1,Default task
2021-09-02T15:34:49.427+09:00,gold1,IdeState,Active,test,Popup,,,-1,-1,Default task
2021-09-02T15:34:50.436+09:00,gold1,IdeState,Active,test,Popup,,,-1,-1,Default task
2021-09-02T15:34:51.438+09:00,gold1,IdeState,Active,test,Popup,,,-1,-1,Default task
2021-09-02T15:34:52.513+09:00,gold1,IdeState,Active,test,Editor,C:/Users/gold1/IdeaProjects/test/src/HelloWorld.java,,4,1,Default task
2021-09-02T15:34:53.521+09:00,gold1,IdeState,Active,test,Project,C:/Users/gold1/IdeaProjects/test/src/HelloWorld.java,,4,1,Default task
2021-09-02T15:34:54.536+09:00,gold1,IdeState,Active,test,Project,C:/Users/gold1/IdeaProjects/test/src/HelloWorld.java,,4,1,Default task
2021-09-02T15:34:55.546+09:00,gold1,IdeState,Active,test,Popup,C:/Users/gold1/IdeaProjects/test/src/HelloWorld.java,,4,1,Default task
2021-09-02T15:34:56.559+09:00,gold1,IdeState,Active,test,Popup,C:/Users/gold1/IdeaProjects/test/src/HelloWorld.java,,4,1,Default task
2021-09-02T15:34:56.570+09:00,gold1,Action,$Delete,test,Popup,C:/Users/gold1/IdeaProjects/test/src/HelloWorld.java,,4,1,Default task
2021-09-02T15:34:57.570+09:00,gold1,IdeState,Active,test,Project,C:/Users/gold1/IdeaProjects/test/src/HelloWorld.java,,4,1,Default task
2021-09-02T15:34:58.579+09:00,gold1,IdeState,Active,test,Project,C:/Users/gold1/IdeaProjects/test/src/HelloWorld.java,,4,1,Default task
2021-09-02T15:34:59.591+09:00,gold1,IdeState,Active,test,Project,C:/Users/gold1/IdeaProjects/test/src/HelloWorld.java,,4,1,Default task
2021-09-02T15:35:00.606+09:00,gold1,IdeState,Active,test,Project,C:/Users/gold1/IdeaProjects/test/src/HelloWorld.java,,4,1,Default task
2021-09-02T15:35:01.618+09:00,gold1,IdeState,Active,test,Project,C:/Users/gold1/IdeaProjects/test/src/HelloWorld.java,,4,1,Default task
2021-09-02T15:35:02.629+09:00,gold1,IdeState,Active,test,Project,C:/Users/gold1/IdeaProjects/test/src/HelloWorld.java,,4,1,Default task
2021-09-02T15:35:03.642+09:00,gold1,IdeState,Active,test,Project,C:/Users/gold1/IdeaProjects/test/src/HelloWorld.java,,4,1,Default task
2021-09-02T15:35:04.647+09:00,gold1,IdeState,Active,test,Editor,C:/Users/gold1/IdeaProjects/test/src/HelloWorld.java,HelloWorld::main,2,54,Default task
2021-09-02T15:35:05.649+09:00,gold1,IdeState,Active,test,Editor,C:/Users/gold1/IdeaProjects/test/src/HelloWorld.java,HelloWorld::main,2,54,Default task
2021-09-02T15:35:06.214+09:00,gold1,Action,EditorBackSpace,test,Editor,C:/Users/gold1/IdeaProjects/test/src/HelloWorld.java,HelloWorld::main,2,54,Default task
2021-09-02T15:35:06.670+09:00,gold1,IdeState,Active,test,Editor,C:/Users/gold1/IdeaProjects/test/src/HelloWorld.java,HelloWorld::main,2,9,Default task
2021-09-02T15:35:07.793+09:00,gold1,IdeState,Active,test,Editor,C:/Users/gold1/IdeaProjects/test/src/HelloWorld.java,HelloWorld::main,2,10,Default task
2021-09-02T15:35:08.806+09:00,gold1,IdeState,Active,test,Editor,C:/Users/gold1/IdeaProjects/test/src/HelloWorld.java,HelloWorld::main,2,11,Default task
2021-09-02T15:35:09.811+09:00,gold1,IdeState,Active,test,Editor,C:/Users/gold1/IdeaProjects/test/src/HelloWorld.java,HelloWorld::main,2,14,Default task
2021-09-02T15:35:10.149+09:00,gold1,Action,EditorBackSpace,test,Editor,C:/Users/gold1/IdeaProjects/test/src/HelloWorld.java,HelloWorld::main,2,14,Default task
2021-09-02T15:35:10.822+09:00,gold1,IdeState,Active,test,Editor,C:/Users/gold1/IdeaProjects/test/src/HelloWorld.java,HelloWorld::main,2,15,Default task
2021-09-02T15:35:11.035+09:00,gold1,Action,EditorBackSpace,test,Editor,C:/Users/gold1/IdeaProjects/test/src/HelloWorld.java,HelloWorld::main,2,15,Default task
2021-09-02T15:35:11.833+09:00,gold1,IdeState,Active,test,Editor,C:/Users/gold1/IdeaProjects/test/src/HelloWorld.java,HelloWorld::main,2,15,Default task
2021-09-02T15:35:12.842+09:00,gold1,IdeState,Active,test,Editor,C:/Users/gold1/IdeaProjects/test/src/HelloWorld.java,HelloWorld::main,2,19,Default task
2021-09-02T15:35:13.856+09:00,gold1,IdeState,Active,test,Editor,C:/Users/gold1/IdeaProjects/test/src/HelloWorld.java,HelloWorld::main,2,20,Default task
2021-09-02T15:35:14.862+09:00,gold1,IdeState,Active,test,Editor,C:/Users/gold1/IdeaProjects/test/src/HelloWorld.java,HelloWorld::main,2,20,Default task
2021-09-02T15:35:15.870+09:00,gold1,IdeState,Active,test,Editor,C:/Users/gold1/IdeaProjects/test/src/HelloWorld.java,HelloWorld::main,2,20,Default task
2021-09-02T15:35:16.886+09:00,gold1,IdeState,Inactive,,,,,-1,-1,
2021-09-02T15:35:17.895+09:00,gold1,IdeState,Inactive,,,,,-1,-1,
2021-09-02T15:35:18.909+09:00,gold1,IdeState,Inactive,,,,,-1,-1,
2021-09-02T15:35:19.919+09:00,gold1,IdeState,Active,test,Editor,C:/Users/gold1/IdeaProjects/test/src/HelloWorld.java,HelloWorld::main,2,20,Default task
2021-09-02T15:35:20.924+09:00,gold1,IdeState,Active,test,Editor,C:/Users/gold1/IdeaProjects/test/src/HelloWorld.java,HelloWorld::main,2,20,Default task
2021-09-02T15:35:21.933+09:00,gold1,IdeState,Active,test,Editor,C:/Users/gold1/IdeaProjects/test/src/HelloWorld.java,HelloWorld::main,2,20,Default task
2021-09-02T15:35:22.946+09:00,gold1,IdeState,Active,test,Editor,C:/Users/gold1/IdeaProjects/test/src/HelloWorld.java,HelloWorld::main,2,24,Default task
2021-09-02T15:35:23.954+09:00,gold1,IdeState,Active,test,Editor,C:/Users/gold1/IdeaProjects/test/src/HelloWorld.java,HelloWorld::main,2,24,Default task
2021-09-02T15:35:24.962+09:00,gold1,IdeState,Active,test,Editor,C:/Users/gold1/IdeaProjects/test/src/HelloWorld.java,HelloWorld::main,2,26,Default task
2021-09-02T15:35:25.975+09:00,gold1,IdeState,Active,test,Editor,C:/Users/gold1/IdeaProjects/test/src/HelloWorld.java,HelloWorld::main,2,27,Default task
2021-09-02T15:35:26.986+09:00,gold1,IdeState,Active,test,Editor,C:/Users/gold1/IdeaProjects/test/src/HelloWorld.java,HelloWorld::main,2,27,Default task
2021-09-02T15:35:27.993+09:00,gold1,IdeState,Active,test,Editor,C:/Users/gold1/IdeaProjects/test/src/HelloWorld.java,HelloWorld::main,2,28,Default task
2021-09-02T15:35:28.994+09:00,gold1,IdeState,Active,test,Editor,C:/Users/gold1/IdeaProjects/test/src/HelloWorld.java,HelloWorld::main,2,28,Default task
2021-09-02T15:35:29.999+09:00,gold1,IdeState,Active,test,Editor,C:/Users/gold1/IdeaProjects/test/src/HelloWorld.java,HelloWorld::main,2,28,Default task
2021-09-02T15:35:31.005+09:00,gold1,IdeState,Active,test,Editor,C:/Users/gold1/IdeaProjects/test/src/HelloWorld.java,HelloWorld::main,2,31,Default task
2021-09-02T15:35:32.005+09:00,gold1,IdeState,Active,test,Editor,C:/Users/gold1/IdeaProjects/test/src/HelloWorld.java,HelloWorld::main,2,34,Default task
2021-09-02T15:35:33.017+09:00,gold1,IdeState,Active,test,Editor,C:/Users/gold1/IdeaProjects/test/src/HelloWorld.java,HelloWorld::main,2,34,Default task
2021-09-02T15:35:34.019+09:00,gold1,IdeState,Active,test,Editor,C:/Users/gold1/IdeaProjects/test/src/HelloWorld.java,HelloWorld::main,2,39,Default task
2021-09-02T15:35:35.033+09:00,gold1,IdeState,Active,test,Editor,C:/Users/gold1/IdeaProjects/test/src/HelloWorld.java,HelloWorld::main,2,40,Default task
2021-09-02T15:35:36.040+09:00,gold1,IdeState,Active,test,Editor,C:/Users/gold1/IdeaProjects/test/src/HelloWorld.java,HelloWorld::main,2,40,Default task
2021-09-02T15:35:37.046+09:00,gold1,IdeState,Active,test,Editor,C:/Users/gold1/IdeaProjects/test/src/HelloWorld.java,HelloWorld::main,2,40,Default task
2021-09-02T15:35:38.059+09:00,gold1,IdeState,Active,test,Editor,C:/Users/gold1/IdeaProjects/test/src/HelloWorld.java,HelloWorld::main,2,41,Default task
2021-09-02T15:35:39.079+09:00,gold1,IdeState,Active,test,Editor,C:/Users/gold1/IdeaProjects/test/src/HelloWorld.java,HelloWorld::main,2,45,Default task
2021-09-02T15:35:40.092+09:00,gold1,IdeState,Active,test,Editor,C:/Users/gold1/IdeaProjects/test/src/HelloWorld.java,HelloWorld::main,2,50,Default task
2021-09-02T15:35:40.877+09:00,gold1,Action,EditorRight,test,Editor,C:/Users/gold1/IdeaProjects/test/src/HelloWorld.java,HelloWorld::main,2,51,Default task
2021-09-02T15:35:41.094+09:00,gold1,IdeState,Active,test,Editor,C:/Users/gold1/IdeaProjects/test/src/HelloWorld.java,HelloWorld::main,2,52,Default task
2021-09-02T15:35:42.108+09:00,gold1,IdeState,Active,test,Editor,C:/Users/gold1/IdeaProjects/test/src/HelloWorld.java,HelloWorld::main,2,52,Default task
2021-09-02T15:35:43.115+09:00,gold1,IdeState,Active,test,Editor,C:/Users/gold1/IdeaProjects/test/src/HelloWorld.java,HelloWorld::main,2,52,Default task
2021-09-02T15:35:43.356+09:00,gold1,Action,EditorRight,test,Editor,C:/Users/gold1/IdeaProjects/test/src/HelloWorld.java,HelloWorld::main,2,52,Default task
2021-09-02T15:35:44.129+09:00,gold1,IdeState,Active,test,Editor,C:/Users/gold1/IdeaProjects/test/src/HelloWorld.java,HelloWorld::main,2,53,Default task
2021-09-02T15:35:45.141+09:00,gold1,IdeState,Active,test,Editor,C:/Users/gold1/IdeaProjects/test/src/HelloWorld.java,HelloWorld::main,2,54,Default task
2021-09-02T15:35:46.156+09:00,gold1,IdeState,Active,test,Editor,C:/Users/gold1/IdeaProjects/test/src/HelloWorld.java,,4,1,Default task
2021-09-02T15:35:47.166+09:00,gold1,IdeState,Active,test,Editor,C:/Users/gold1/IdeaProjects/test/src/HelloWorld.java,,4,1,Default task
2021-09-02T15:35:48.177+09:00,gold1,IdeState,Active,test,Editor,C:/Users/gold1/IdeaProjects/test/src/HelloWorld.java,,4,1,Default task
2021-09-02T15:35:49.191+09:00,gold1,IdeState,Active,test,Editor,C:/Users/gold1/IdeaProjects/test/src/HelloWorld.java,,4,1,Default task
2021-09-02T15:35:50.202+09:00,gold1,IdeState,Active,test,Editor,C:/Users/gold1/IdeaProjects/test/src/HelloWorld.java,,4,1,Default task
2021-09-02T15:35:51.205+09:00,gold1,IdeState,Active,test,Editor,C:/Users/gold1/IdeaProjects/test/src/HelloWorld.java,,4,1,Default task
2021-09-02T15:35:52.215+09:00,gold1,IdeState,Active,test,Editor,C:/Users/gold1/IdeaProjects/test/src/HelloWorld.java,,4,1,Default task
2021-09-02T15:35:53.223+09:00,gold1,IdeState,Active,test,Editor,C:/Users/gold1/IdeaProjects/test/src/HelloWorld.java,,4,1,Default task
2021-09-02T15:35:54.232+09:00,gold1,IdeState,Active,test,Editor,C:/Users/gold1/IdeaProjects/test/src/HelloWorld.java,,4,1,Default task
2021-09-02T15:35:55.244+09:00,gold1,IdeState,Active,test,Editor,C:/Users/gold1/IdeaProjects/test/src/HelloWorld.java,,4,1,Default task
2021-09-02T15:35:56.251+09:00,gold1,IdeState,Active,test,Editor,C:/Users/gold1/IdeaProjects/test/src/HelloWorld.java,,4,1,Default task
2021-09-02T15:35:57.263+09:00,gold1,IdeState,Inactive,,,,,-1,-1,
2021-09-02T15:35:58.267+09:00,gold1,IdeState,Inactive,,,,,-1,-1,
2021-09-02T15:35:59.277+09:00,gold1,IdeState,Inactive,,,,,-1,-1,
2021-09-02T15:36:00.287+09:00,gold1,IdeState,Inactive,,,,,-1,-1,
2021-09-02T15:36:01.294+09:00,gold1,IdeState,Inactive,,,,,-1,-1,
2021-09-02T15:36:02.299+09:00,gold1,IdeState,Inactive,,,,,-1,-1,
2021-09-02T15:36:03.309+09:00,gold1,IdeState,Inactive,,,,,-1,-1,
2021-09-02T15:36:04.314+09:00,gold1,IdeState,Inactive,,,,,-1,-1,
2021-09-02T15:36:05.324+09:00,gold1,IdeState,Inactive,,,,,-1,-1,
2021-09-02T15:36:06.338+09:00,gold1,IdeState,Inactive,,,,,-1,-1,
2021-09-02T15:36:07.345+09:00,gold1,IdeState,Inactive,,,,,-1,-1,
2021-09-02T15:36:08.348+09:00,gold1,IdeState,Inactive,,,,,-1,-1,
2021-09-02T15:36:09.355+09:00,gold1,IdeState,Inactive,,,,,-1,-1,
2021-09-02T15:36:10.367+09:00,gold1,IdeState,Inactive,,,,,-1,-1,
2021-09-02T15:36:11.371+09:00,gold1,IdeState,Inactive,,,,,-1,-1,
2021-09-02T15:36:12.379+09:00,gold1,IdeState,Inactive,,,,,-1,-1,
2021-09-02T15:36:13.381+09:00,gold1,IdeState,Inactive,,,,,-1,-1,
2021-09-02T15:36:14.387+09:00,gold1,IdeState,Inactive,,,,,-1,-1,
2021-09-02T15:36:15.394+09:00,gold1,IdeState,Inactive,,,,,-1,-1,
2021-09-02T15:36:16.402+09:00,gold1,IdeState,Inactive,,,,,-1,-1,
2021-09-02T15:36:17.412+09:00,gold1,IdeState,Inactive,,,,,-1,-1,
2021-09-02T15:36:18.413+09:00,gold1,IdeState,Inactive,,,,,-1,-1,
2021-09-02T15:36:19.413+09:00,gold1,IdeState,Active,test,Popup,C:/Users/gold1/IdeaProjects/test/src/HelloWorld.java,,4,1,Default task
2021-09-02T15:36:20.429+09:00,gold1,IdeState,Active,test,Popup,C:/Users/gold1/IdeaProjects/test/src/HelloWorld.java,,4,1,Default task
2021-09-02T15:36:21.440+09:00,gold1,IdeState,Active,test,Popup,C:/Users/gold1/IdeaProjects/test/src/HelloWorld.java,,4,1,Default task
2021-09-02T15:36:22.449+09:00,gold1,IdeState,Active,test,Popup,C:/Users/gold1/IdeaProjects/test/src/HelloWorld.java,,4,1,Default task
2021-09-02T15:36:23.460+09:00,gold1,IdeState,Active,test,Popup,C:/Users/gold1/IdeaProjects/test/src/HelloWorld.java,,4,1,Default task
2021-09-02T15:36:24.469+09:00,gold1,IdeState,Active,test,Popup,C:/Users/gold1/IdeaProjects/test/src/HelloWorld.java,,4,1,Default task
2021-09-02T15:36:25.485+09:00,gold1,IdeState,Active,test,Editor,C:/Users/gold1/AppData/Roaming/JetBrains/IdeaIC2021.2/plugins/activity-tracker/ide-events.csv,,0,0,Default task
2021-09-02T15:36:26.499+09:00,gold1,IdeState,Active,test,Editor,C:/Users/gold1/AppData/Roaming/JetBrains/IdeaIC2021.2/plugins/activity-tracker/ide-events.csv,,0,0,Default task
2021-09-02T15:36:27.515+09:00,gold1,IdeState,Active,test,Editor,C:/Users/gold1/AppData/Roaming/JetBrains/IdeaIC2021.2/plugins/activity-tracker/ide-events.csv,,0,0,Default task
2021-09-02T15:36:28.523+09:00,gold1,IdeState,Active,test,Editor,C:/Users/gold1/AppData/Roaming/JetBrains/IdeaIC2021.2/plugins/activity-tracker/ide-events.csv,,0,0,Default task
2021-09-02T15:36:29.534+09:00,gold1,IdeState,Active,test,Editor,C:/Users/gold1/AppData/Roaming/JetBrains/IdeaIC2021.2/plugins/activity-tracker/ide-events.csv,,0,0,Default task
2021-09-02T15:36:30.538+09:00,gold1,IdeState,Active,test,Editor,C:/Users/gold1/AppData/Roaming/JetBrains/IdeaIC2021.2/plugins/activity-tracker/ide-events.csv,,0,0,Default task
2021-09-02T15:36:31.542+09:00,gold1,IdeState,Active,test,Editor,C:/Users/gold1/AppData/Roaming/JetBrains/IdeaIC2021.2/plugins/activity-tracker/ide-events.csv,,0,0,Default task
2021-09-02T15:36:32.544+09:00,gold1,IdeState,Active,test,Editor,C:/Users/gold1/AppData/Roaming/JetBrains/IdeaIC2021.2/plugins/activity-tracker/ide-events.csv,,0,0,Default task
2021-09-02T15:36:33.549+09:00,gold1,IdeState,Active,test,Editor,C:/Users/gold1/AppData/Roaming/JetBrains/IdeaIC2021.2/plugins/activity-tracker/ide-events.csv,,0,0,Default task
2021-09-02T15:36:34.561+09:00,gold1,IdeState,Active,test,Editor,C:/Users/gold1/AppData/Roaming/JetBrains/IdeaIC2021.2/plugins/activity-tracker/ide-events.csv,,0,0,Default task
2021-09-02T15:36:35.574+09:00,gold1,IdeState,Active,test,Editor,C:/Users/gold1/AppData/Roaming/JetBrains/IdeaIC2021.2/plugins/activity-tracker/ide-events.csv,,0,0,Default task
2021-09-02T15:36:36.586+09:00,gold1,IdeState,Active,test,Editor,C:/Users/gold1/AppData/Roaming/JetBrains/IdeaIC2021.2/plugins/activity-tracker/ide-events.csv,,0,0,Default task
2021-09-02T15:36:37.595+09:00,gold1,IdeState,Active,test,Editor,C:/Users/gold1/AppData/Roaming/JetBrains/IdeaIC2021.2/plugins/activity-tracker/ide-events.csv,,0,0,Default task
2021-09-02T15:36:38.599+09:00,gold1,IdeState,Active,test,Editor,C:/Users/gold1/AppData/Roaming/JetBrains/IdeaIC2021.2/plugins/activity-tracker/ide-events.csv,,0,0,Default task
2021-09-02T15:36:39.610+09:00,gold1,IdeState,Active,test,Editor,C:/Users/gold1/AppData/Roaming/JetBrains/IdeaIC2021.2/plugins/activity-tracker/ide-events.csv,,0,0,Default task
2021-09-02T15:36:40.618+09:00,gold1,IdeState,Active,test,Editor,C:/Users/gold1/AppData/Roaming/JetBrains/IdeaIC2021.2/plugins/activity-tracker/ide-events.csv,,0,0,Default task
2021-09-02T15:36:41.622+09:00,gold1,IdeState,Active,test,Editor,C:/Users/gold1/AppData/Roaming/JetBrains/IdeaIC2021.2/plugins/activity-tracker/ide-events.csv,,0,0,Default task
2021-09-02T15:36:42.631+09:00,gold1,IdeState,Active,test,Editor,C:/Users/gold1/AppData/Roaming/JetBrains/IdeaIC2021.2/plugins/activity-tracker/ide-events.csv,,0,0,Default task
2021-09-02T15:36:43.638+09:00,gold1,IdeState,Active,test,Editor,C:/Users/gold1/AppData/Roaming/JetBrains/IdeaIC2021.2/plugins/activity-tracker/ide-events.csv,,0,0,Default task
2021-09-02T15:36:44.653+09:00,gold1,IdeState,Active,test,Editor,C:/Users/gold1/AppData/Roaming/JetBrains/IdeaIC2021.2/plugins/activity-tracker/ide-events.csv,,0,0,Default task
2021-09-02T15:36:45.664+09:00,gold1,IdeState,Active,test,Editor,C:/Users/gold1/AppData/Roaming/JetBrains/IdeaIC2021.2/plugins/activity-tracker/ide-events.csv,,0,0,Default task
2021-09-02T15:36:46.669+09:00,gold1,IdeState,Active,test,Editor,C:/Users/gold1/AppData/Roaming/JetBrains/IdeaIC2021.2/plugins/activity-tracker/ide-events.csv,,0,0,Default task
2021-09-02T15:36:47.678+09:00,gold1,IdeState,Active,test,Editor,C:/Users/gold1/AppData/Roaming/JetBrains/IdeaIC2021.2/plugins/activity-tracker/ide-events.csv,,0,0,Default task
2021-09-02T15:36:48.684+09:00,gold1,IdeState,Active,test,Editor,C:/Users/gold1/AppData/Roaming/JetBrains/IdeaIC2021.2/plugins/activity-tracker/ide-events.csv,,0,0,Default task
2021-09-02T15:36:49.690+09:00,gold1,IdeState,Active,test,Editor,C:/Users/gold1/AppData/Roaming/JetBrains/IdeaIC2021.2/plugins/activity-tracker/ide-events.csv,,0,0,Default task
2021-09-02T15:36:50.705+09:00,gold1,IdeState,Active,test,Editor,C:/Users/gold1/IdeaProjects/test/src/HelloWorld.java,,4,1,Default task
2021-09-02T15:36:51.707+09:00,gold1,IdeState,Inactive,,,,,-1,-1,
2021-09-02T15:36:52.718+09:00,gold1,IdeState,Inactive,,,,,-1,-1,
2021-09-02T15:36:53.724+09:00,gold1,IdeState,Inactive,,,,,-1,-1,
2021-09-02T15:36:54.729+09:00,gold1,IdeState,Inactive,,,,,-1,-1,
2021-09-02T15:36:55.740+09:00,gold1,IdeState,Inactive,,,,,-1,-1,
2021-09-02T15:36:56.751+09:00,gold1,IdeState,Inactive,,,,,-1,-1,
2021-09-02T15:36:57.752+09:00,gold1,IdeState,Inactive,,,,,-1,-1,
2021-09-02T15:36:58.759+09:00,gold1,IdeState,Inactive,,,,,-1,-1,
2021-09-02T15:36:59.771+09:00,gold1,IdeState,Inactive,,,,,-1,-1,
2021-09-02T15:37:00.781+09:00,gold1,IdeState,Inactive,,,,,-1,-1,
2021-09-02T15:37:01.789+09:00,gold1,IdeState,Inactive,,,,,-1,-1,
2021-09-02T15:37:02.803+09:00,gold1,IdeState,Active,test,Editor,C:/Users/gold1/IdeaProjects/test/src/HelloWorld.java,,4,1,Default task
2021-09-02T15:37:03.804+09:00,gold1,IdeState,Active,test,Editor,C:/Users/gold1/IdeaProjects/test/src/HelloWorld.java,,4,1,Default task
2021-09-02T15:37:04.812+09:00,gold1,IdeState,Inactive,,,,,-1,-1,
2021-09-02T15:37:05.826+09:00,gold1,IdeState,Inactive,,,,,-1,-1,
2021-09-02T15:37:06.828+09:00,gold1,IdeState,Inactive,,,,,-1,-1,
2021-09-02T15:37:07.835+09:00,gold1,IdeState,Active,test,Editor,C:/Users/gold1/IdeaProjects/test/src/HelloWorld.java,,4,1,Default task
2021-09-02T15:37:08.846+09:00,gold1,IdeState,Active,test,Editor,C:/Users/gold1/IdeaProjects/test/src/HelloWorld.java,,4,1,Default task
2021-09-02T15:37:09.856+09:00,gold1,IdeState,Active,test,Editor,C:/Users/gold1/IdeaProjects/test/src/HelloWorld.java,,4,1,Default task
2021-09-02T15:37:10.864+09:00,gold1,IdeState,Active,test,Editor,C:/Users/gold1/IdeaProjects/test/src/HelloWorld.java,,4,1,Default task
2021-09-02T15:37:11.876+09:00,gold1,IdeState,Active,test,Editor,C:/Users/gold1/IdeaProjects/test/src/HelloWorld.java,,4,1,Default task
2021-09-02T15:37:12.882+09:00,gold1,IdeState,Inactive,,,,,-1,-1,
2021-09-02T15:37:13.892+09:00,gold1,IdeState,Inactive,,,,,-1,-1,
2021-09-02T15:37:14.905+09:00,gold1,IdeState,Inactive,,,,,-1,-1,
2021-09-02T15:37:15.914+09:00,gold1,IdeState,Inactive,,,,,-1,-1,
2021-09-02T15:37:16.916+09:00,gold1,IdeState,Inactive,,,,,-1,-1,
2021-09-02T15:37:17.930+09:00,gold1,IdeState,Inactive,,,,,-1,-1,
2021-09-02T15:37:18.943+09:00,gold1,IdeState,Inactive,,,,,-1,-1,
2021-09-02T15:37:19.958+09:00,gold1,IdeState,Inactive,,,,,-1,-1,
2021-09-02T15:37:20.967+09:00,gold1,IdeState,Inactive,,,,,-1,-1,
2021-09-02T15:37:21.978+09:00,gold1,IdeState,Inactive,,,,,-1,-1,
2021-09-02T15:37:22.992+09:00,gold1,IdeState,Inactive,,,,,-1,-1,
2021-09-02T15:37:24.002+09:00,gold1,IdeState,Inactive,,,,,-1,-1,
2021-09-02T15:37:25.012+09:00,gold1,IdeState,Inactive,,,,,-1,-1,
2021-09-02T15:37:26.024+09:00,gold1,IdeState,Inactive,,,,,-1,-1,
2021-09-02T15:37:27.025+09:00,gold1,IdeState,Inactive,,,,,-1,-1,
2021-09-02T15:37:28.028+09:00,gold1,IdeState,Inactive,,,,,-1,-1,
2021-09-02T15:37:29.038+09:00,gold1,IdeState,Inactive,,,,,-1,-1,
2021-09-02T15:37:30.046+09:00,gold1,IdeState,Inactive,,,,,-1,-1,
2021-09-02T15:37:31.056+09:00,gold1,IdeState,Inactive,,,,,-1,-1,
2021-09-02T15:37:32.069+09:00,gold1,IdeState,Inactive,,,,,-1,-1,
2021-09-02T15:37:33.076+09:00,gold1,IdeState,Inactive,,,,,-1,-1,
2021-09-02T15:37:34.081+09:00,gold1,IdeState,Inactive,,,,,-1,-1,
2021-09-02T15:37:35.089+09:00,gold1,IdeState,Inactive,,,,,-1,-1,
2021-09-02T15:37:36.098+09:00,gold1,IdeState,Inactive,,,,,-1,-1,
2021-09-02T15:37:37.111+09:00,gold1,IdeState,Inactive,,,,,-1,-1,
2021-09-02T15:37:38.118+09:00,gold1,IdeState,Inactive,,,,,-1,-1,
2021-09-02T15:37:39.126+09:00,gold1,IdeState,Inactive,,,,,-1,-1,
2021-09-02T15:37:40.137+09:00,gold1,IdeState,Active,test,Editor,C:/Users/gold1/IdeaProjects/test/src/HelloWorld.java,,4,1,Default task
2021-09-02T15:37:41.152+09:00,gold1,IdeState,Active,test,Editor,C:/Users/gold1/IdeaProjects/test/src/HelloWorld.java,,4,1,Default task
2021-09-02T15:37:42.162+09:00,gold1,IdeState,Inactive,,,,,-1,-1,
2021-09-02T15:37:43.173+09:00,gold1,IdeState,Active,test,Editor,C:/Users/gold1/IdeaProjects/test/src/HelloWorld.java,,4,1,Default task
2021-09-02T15:37:44.186+09:00,gold1,IdeState,Inactive,,,,,-1,-1,
2021-09-02T15:37:45.196+09:00,gold1,IdeState,Inactive,,,,,-1,-1,
2021-09-02T15:37:46.209+09:00,gold1,IdeState,Inactive,,,,,-1,-1,
2021-09-02T15:37:47.214+09:00,gold1,IdeState,Inactive,,,,,-1,-1,
2021-09-02T15:37:48.224+09:00,gold1,IdeState,Inactive,,,,,-1,-1,
2021-09-02T15:37:49.225+09:00,gold1,IdeState,Inactive,,,,,-1,-1,
2021-09-02T15:37:50.229+09:00,gold1,IdeState,Inactive,,,,,-1,-1,
2021-09-02T15:37:51.239+09:00,gold1,IdeState,Inactive,,,,,-1,-1,
2021-09-02T15:37:52.247+09:00,gold1,IdeState,Inactive,,,,,-1,-1,
2021-09-02T15:37:53.254+09:00,gold1,IdeState,Inactive,,,,,-1,-1,
2021-09-02T15:37:54.265+09:00,gold1,IdeState,Inactive,,,,,-1,-1,
2021-09-02T15:37:55.273+09:00,gold1,IdeState,Inactive,,,,,-1,-1,
2021-09-02T15:37:56.280+09:00,gold1,IdeState,Inactive,,,,,-1,-1,
2021-09-02T15:37:57.288+09:00,gold1,IdeState,Inactive,,,,,-1,-1,
2021-09-02T15:37:58.295+09:00,gold1,IdeState,Inactive,,,,,-1,-1,
2021-09-02T15:37:59.304+09:00,gold1,IdeState,Inactive,,,,,-1,-1,
2021-09-02T15:38:00.316+09:00,gold1,IdeState,Inactive,,,,,-1,-1,
2021-09-02T15:38:01.327+09:00,gold1,IdeState,Inactive,,,,,-1,-1,
2021-09-02T15:38:02.333+09:00,gold1,IdeState,Inactive,,,,,-1,-1,
2021-09-02T15:38:03.345+09:00,gold1,IdeState,Inactive,,,,,-1,-1,
2021-09-02T15:38:04.356+09:00,gold1,IdeState,Inactive,,,,,-1,-1,
2021-09-02T15:38:05.367+09:00,gold1,IdeState,Inactive,,,,,-1,-1,
2021-09-02T15:38:06.373+09:00,gold1,IdeState,Inactive,,,,,-1,-1,
2021-09-02T15:38:07.387+09:00,gold1,IdeState,Inactive,,,,,-1,-1,
2021-09-02T15:38:08.388+09:00,gold1,IdeState,Inactive,,,,,-1,-1,
2021-09-02T15:38:09.395+09:00,gold1,IdeState,Inactive,,,,,-1,-1,
2021-09-02T15:38:10.406+09:00,gold1,IdeState,Inactive,,,,,-1,-1,
2021-09-02T15:38:11.416+09:00,gold1,IdeState,Inactive,,,,,-1,-1,
2021-09-02T15:38:12.426+09:00,gold1,IdeState,Inactive,,,,,-1,-1,
2021-09-02T15:38:13.436+09:00,gold1,IdeState,Inactive,,,,,-1,-1,
2021-09-02T15:38:14.443+09:00,gold1,IdeState,Inactive,,,,,-1,-1,
2021-09-02T15:38:15.458+09:00,gold1,IdeState,Inactive,,,,,-1,-1,
2021-09-02T15:38:16.468+09:00,gold1,IdeState,Inactive,,,,,-1,-1,
2021-09-02T15:38:17.482+09:00,gold1,IdeState,Inactive,,,,,-1,-1,
2021-09-02T15:38:18.494+09:00,gold1,IdeState,Inactive,,,,,-1,-1,
2021-09-02T15:38:19.497+09:00,gold1,IdeState,Inactive,,,,,-1,-1,
2021-09-02T15:38:20.504+09:00,gold1,IdeState,Inactive,,,,,-1,-1,
2021-09-02T15:38:21.518+09:00,gold1,IdeState,Active,test,Editor,C:/Users/gold1/IdeaProjects/test/src/HelloWorld.java,,4,1,Default task
2021-09-02T15:38:22.533+09:00,gold1,IdeState,Active,test,Editor,C:/Users/gold1/AppData/Roaming/JetBrains/IdeaIC2021.2/plugins/activity-tracker/ide-events.csv,,0,0,Default task
2021-09-02T15:38:23.546+09:00,gold1,IdeState,Active,test,Popup,C:/Users/gold1/AppData/Roaming/JetBrains/IdeaIC2021.2/plugins/activity-tracker/ide-events.csv,,0,0,Default task
2021-09-02T15:38:24.553+09:00,gold1,IdeState,Active,test,Popup,C:/Users/gold1/AppData/Roaming/JetBrains/IdeaIC2021.2/plugins/activity-tracker/ide-events.csv,,0,0,Default task
2021-09-02T15:38:25.562+09:00,gold1,IdeState,Active,test,Popup,C:/Users/gold1/AppData/Roaming/JetBrains/IdeaIC2021.2/plugins/activity-tracker/ide-events.csv,,0,0,Default task
2021-09-02T15:38:26.571+09:00,gold1,IdeState,Active,test,Popup,C:/Users/gold1/AppData/Roaming/JetBrains/IdeaIC2021.2/plugins/activity-tracker/ide-events.csv,,0,0,Default task
2021-09-02T15:38:27.581+09:00,gold1,IdeState,Active,test,Popup,C:/Users/gold1/AppData/Roaming/JetBrains/IdeaIC2021.2/plugins/activity-tracker/ide-events.csv,,0,0,Default task
2021-09-02T15:38:28.588+09:00,gold1,IdeState,Active,test,Popup,C:/Users/gold1/AppData/Roaming/JetBrains/IdeaIC2021.2/plugins/activity-tracker/ide-events.csv,,0,0,Default task
2021-09-02T15:38:29.591+09:00,gold1,IdeState,Active,test,Popup,C:/Users/gold1/AppData/Roaming/JetBrains/IdeaIC2021.2/plugins/activity-tracker/ide-events.csv,,0,0,Default task
2021-09-02T15:38:30.603+09:00,gold1,IdeState,Active,test,Popup,C:/Users/gold1/AppData/Roaming/JetBrains/IdeaIC2021.2/plugins/activity-tracker/ide-events.csv,,0,0,Default task
2021-09-02T15:38:30.689+09:00,gold1,Action,ShowFilePath,test,Popup,C:/Users/gold1/AppData/Roaming/JetBrains/IdeaIC2021.2/plugins/activity-tracker/ide-events.csv,,0,0,Default task
2021-09-02T15:38:31.616+09:00,gold1,IdeState,Active,test,Popup,C:/Users/gold1/AppData/Roaming/JetBrains/IdeaIC2021.2/plugins/activity-tracker/ide-events.csv,,0,0,Default task
2021-09-02T15:38:32.625+09:00,gold1,IdeState,Active,test,Popup,C:/Users/gold1/AppData/Roaming/JetBrains/IdeaIC2021.2/plugins/activity-tracker/ide-events.csv,,0,0,Default task
2021-09-02T15:38:33.635+09:00,gold1,IdeState,Active,test,Popup,C:/Users/gold1/AppData/Roaming/JetBrains/IdeaIC2021.2/plugins/activity-tracker/ide-events.csv,,0,0,Default task
2021-09-02T15:38:34.644+09:00,gold1,IdeState,Active,test,Popup,C:/Users/gold1/AppData/Roaming/JetBrains/IdeaIC2021.2/plugins/activity-tracker/ide-events.csv,,0,0,Default task
2021-09-02T15:38:35.653+09:00,gold1,IdeState,Active,test,Popup,C:/Users/gold1/AppData/Roaming/JetBrains/IdeaIC2021.2/plugins/activity-tracker/ide-events.csv,,0,0,Default task
2021-09-02T15:38:36.662+09:00,gold1,IdeState,Active,test,Popup,C:/Users/gold1/AppData/Roaming/JetBrains/IdeaIC2021.2/plugins/activity-tracker/ide-events.csv,,0,0,Default task
2021-09-02T15:38:37.672+09:00,gold1,IdeState,Active,test,Popup,C:/Users/gold1/AppData/Roaming/JetBrains/IdeaIC2021.2/plugins/activity-tracker/ide-events.csv,,0,0,Default task
2021-09-02T15:38:38.682+09:00,gold1,IdeState,Active,test,Popup,C:/Users/gold1/AppData/Roaming/JetBrains/IdeaIC2021.2/plugins/activity-tracker/ide-events.csv,,0,0,Default task
2021-09-02T15:38:39.688+09:00,gold1,IdeState,Active,test,Popup,C:/Users/gold1/AppData/Roaming/JetBrains/IdeaIC2021.2/plugins/activity-tracker/ide-events.csv,,0,0,Default task
2021-09-02T15:38:40.699+09:00,gold1,IdeState,Active,test,Popup,C:/Users/gold1/AppData/Roaming/JetBrains/IdeaIC2021.2/plugins/activity-tracker/ide-events.csv,,0,0,Default task
2021-09-02T15:38:41.710+09:00,gold1,IdeState,Active,test,Popup,C:/Users/gold1/AppData/Roaming/JetBrains/IdeaIC2021.2/plugins/activity-tracker/ide-events.csv,,0,0,Default task
2021-09-02T15:38:42.719+09:00,gold1,IdeState,Active,test,Popup,C:/Users/gold1/AppData/Roaming/JetBrains/IdeaIC2021.2/plugins/activity-tracker/ide-events.csv,,0,0,Default task
2021-09-02T15:38:43.734+09:00,gold1,IdeState,Inactive,,,,,-1,-1,
2021-09-02T15:38:44.740+09:00,gold1,IdeState,Inactive,,,,,-1,-1,
2021-09-02T15:38:45.752+09:00,gold1,IdeState,Inactive,,,,,-1,-1,
2021-09-02T15:38:46.763+09:00,gold1,IdeState,Inactive,,,,,-1,-1,
2021-09-02T15:38:47.768+09:00,gold1,IdeState,Active,test,Popup,C:/Users/gold1/AppData/Roaming/JetBrains/IdeaIC2021.2/plugins/activity-tracker/ide-events.csv,,0,0,Default task
2021-09-02T15:38:48.776+09:00,gold1,IdeState,Active,test,Popup,C:/Users/gold1/AppData/Roaming/JetBrains/IdeaIC2021.2/plugins/activity-tracker/ide-events.csv,,0,0,Default task
2021-09-02T15:38:49.781+09:00,gold1,IdeState,Active,test,Popup,C:/Users/gold1/AppData/Roaming/JetBrains/IdeaIC2021.2/plugins/activity-tracker/ide-events.csv,,0,0,Default task
2021-09-02T15:38:50.783+09:00,gold1,IdeState,Active,test,Popup,C:/Users/gold1/AppData/Roaming/JetBrains/IdeaIC2021.2/plugins/activity-tracker/ide-events.csv,,0,0,Default task
2021-09-02T15:38:51.792+09:00,gold1,IdeState,Active,test,Popup,C:/Users/gold1/AppData/Roaming/JetBrains/IdeaIC2021.2/plugins/activity-tracker/ide-events.csv,,0,0,Default task
2021-09-02T15:38:52.798+09:00,gold1,IdeState,Active,test,Popup,C:/Users/gold1/AppData/Roaming/JetBrains/IdeaIC2021.2/plugins/activity-tracker/ide-events.csv,,0,0,Default task
2021-09-02T15:38:53.807+09:00,gold1,IdeState,Active,test,Popup,C:/Users/gold1/AppData/Roaming/JetBrains/IdeaIC2021.2/plugins/activity-tracker/ide-events.csv,,0,0,Default task
2021-09-02T15:38:54.816+09:00,gold1,IdeState,Active,test,Popup,C:/Users/gold1/AppData/Roaming/JetBrains/IdeaIC2021.2/plugins/activity-tracker/ide-events.csv,,0,0,Default task
2021-09-02T15:38:55.822+09:00,gold1,IdeState,Active,test,Popup,C:/Users/gold1/AppData/Roaming/JetBrains/IdeaIC2021.2/plugins/activity-tracker/ide-events.csv,,0,0,Default task
2021-09-02T15:38:56.840+09:00,gold1,IdeState,Active,test,Project,C:/Users/gold1/AppData/Roaming/JetBrains/IdeaIC2021.2/plugins/activity-tracker/ide-events.csv,,0,0,Default task
2021-09-02T15:38:57.844+09:00,gold1,IdeState,Active,test,Popup,C:/Users/gold1/AppData/Roaming/JetBrains/IdeaIC2021.2/plugins/activity-tracker/ide-events.csv,,0,0,Default task
2021-09-02T15:38:58.853+09:00,gold1,IdeState,Active,test,Popup,C:/Users/gold1/AppData/Roaming/JetBrains/IdeaIC2021.2/plugins/activity-tracker/ide-events.csv,,0,0,Default task
2021-09-02T15:38:59.862+09:00,gold1,IdeState,Active,test,Popup,C:/Users/gold1/AppData/Roaming/JetBrains/IdeaIC2021.2/plugins/activity-tracker/ide-events.csv,,0,0,Default task
2021-09-02T15:39:00.872+09:00,gold1,IdeState,Active,test,Popup,C:/Users/gold1/AppData/Roaming/JetBrains/IdeaIC2021.2/plugins/activity-tracker/ide-events.csv,,0,0,Default task
2021-09-02T15:39:01.878+09:00,gold1,IdeState,Active,test,Popup,C:/Users/gold1/AppData/Roaming/JetBrains/IdeaIC2021.2/plugins/activity-tracker/ide-events.csv,,0,0,Default task
2021-09-02T15:39:02.159+09:00,gold1,Action,ShowFilePath,test,Popup,C:/Users/gold1/AppData/Roaming/JetBrains/IdeaIC2021.2/plugins/activity-tracker/ide-events.csv,,0,0,Default task
2021-09-02T15:39:02.890+09:00,gold1,IdeState,Active,test,Popup,C:/Users/gold1/AppData/Roaming/JetBrains/IdeaIC2021.2/plugins/activity-tracker/ide-events.csv,,0,0,Default task
2021-09-02T15:39:03.903+09:00,gold1,IdeState,Active,test,Popup,C:/Users/gold1/AppData/Roaming/JetBrains/IdeaIC2021.2/plugins/activity-tracker/ide-events.csv,,0,0,Default task
2021-09-02T15:39:04.912+09:00,gold1,IdeState,Active,test,Popup,C:/Users/gold1/AppData/Roaming/JetBrains/IdeaIC2021.2/plugins/activity-tracker/ide-events.csv,,0,0,Default task
2021-09-02T15:39:05.920+09:00,gold1,IdeState,Active,test,Popup,C:/Users/gold1/AppData/Roaming/JetBrains/IdeaIC2021.2/plugins/activity-tracker/ide-events.csv,,0,0,Default task
2021-09-02T15:39:06.924+09:00,gold1,IdeState,Active,test,Popup,C:/Users/gold1/AppData/Roaming/JetBrains/IdeaIC2021.2/plugins/activity-tracker/ide-events.csv,,0,0,Default task
2021-09-02T15:39:07.938+09:00,gold1,IdeState,Inactive,,,,,-1,-1,
2021-09-02T15:39:08.953+09:00,gold1,IdeState,Inactive,,,,,-1,-1,
2021-09-02T15:39:09.961+09:00,gold1,IdeState,Inactive,,,,,-1,-1,
2021-09-02T15:39:10.971+09:00,gold1,IdeState,Inactive,,,,,-1,-1,
2021-09-02T15:39:11.978+09:00,gold1,IdeState,Inactive,,,,,-1,-1,
2021-09-02T15:39:12.988+09:00,gold1,IdeState,Inactive,,,,,-1,-1,
2021-09-02T15:39:13.996+09:00,gold1,IdeState,Inactive,,,,,-1,-1,
2021-09-02T15:39:15.005+09:00,gold1,IdeState,Inactive,,,,,-1,-1,
2021-09-02T15:39:16.016+09:00,gold1,IdeState,Inactive,,,,,-1,-1,
2021-09-02T15:39:17.018+09:00,gold1,IdeState,Inactive,,,,,-1,-1,
2021-09-02T15:39:18.024+09:00,gold1,IdeState,Inactive,,,,,-1,-1,
2021-09-02T15:39:19.034+09:00,gold1,IdeState,Inactive,,,,,-1,-1,
2021-09-02T15:39:20.042+09:00,gold1,IdeState,Inactive,,,,,-1,-1,
2021-09-02T15:39:21.044+09:00,gold1,IdeState,Inactive,,,,,-1,-1,
2021-09-02T15:39:22.053+09:00,gold1,IdeState,Inactive,,,,,-1,-1,
2021-09-02T15:39:23.062+09:00,gold1,IdeState,Active,test,Popup,C:/Users/gold1/AppData/Roaming/JetBrains/IdeaIC2021.2/plugins/activity-tracker/ide-events.csv,,0,0,Default task
2021-09-02T15:39:24.071+09:00,gold1,IdeState,Active,test,Popup,C:/Users/gold1/AppData/Roaming/JetBrains/IdeaIC2021.2/plugins/activity-tracker/ide-events.csv,,0,0,Default task
2021-09-02T15:39:25.078+09:00,gold1,IdeState,Active,test,Popup,C:/Users/gold1/AppData/Roaming/JetBrains/IdeaIC2021.2/plugins/activity-tracker/ide-events.csv,,0,0,Default task
2021-09-02T15:39:25.904+09:00,gold1,Action,ShowFilePath,test,Popup,C:/Users/gold1/AppData/Roaming/JetBrains/IdeaIC2021.2/plugins/activity-tracker/ide-events.csv,,0,0,Default task
2021-09-02T15:39:26.089+09:00,gold1,IdeState,Active,test,Popup,C:/Users/gold1/AppData/Roaming/JetBrains/IdeaIC2021.2/plugins/activity-tracker/ide-events.csv,,0,0,Default task
2021-09-02T15:39:27.101+09:00,gold1,IdeState,Active,test,Popup,C:/Users/gold1/AppData/Roaming/JetBrains/IdeaIC2021.2/plugins/activity-tracker/ide-events.csv,,0,0,Default task
2021-09-02T15:39:28.111+09:00,gold1,IdeState,Active,test,Popup,C:/Users/gold1/AppData/Roaming/JetBrains/IdeaIC2021.2/plugins/activity-tracker/ide-events.csv,,0,0,Default task
2021-09-02T15:39:29.120+09:00,gold1,IdeState,Active,test,Popup,C:/Users/gold1/AppData/Roaming/JetBrains/IdeaIC2021.2/plugins/activity-tracker/ide-events.csv,,0,0,Default task
2021-09-02T15:39:30.132+09:00,gold1,IdeState,Active,test,Popup,C:/Users/gold1/AppData/Roaming/JetBrains/IdeaIC2021.2/plugins/activity-tracker/ide-events.csv,,0,0,Default task
2021-09-02T15:39:31.141+09:00,gold1,IdeState,Active,test,Popup,C:/Users/gold1/AppData/Roaming/JetBrains/IdeaIC2021.2/plugins/activity-tracker/ide-events.csv,,0,0,Default task
2021-09-02T15:39:32.147+09:00,gold1,IdeState,Active,test,Popup,C:/Users/gold1/AppData/Roaming/JetBrains/IdeaIC2021.2/plugins/activity-tracker/ide-events.csv,,0,0,Default task
2021-09-02T15:39:33.149+09:00,gold1,IdeState,Active,test,Popup,C:/Users/gold1/AppData/Roaming/JetBrains/IdeaIC2021.2/plugins/activity-tracker/ide-events.csv,,0,0,Default task
2021-09-02T15:39:34.152+09:00,gold1,IdeState,Active,test,Popup,C:/Users/gold1/AppData/Roaming/JetBrains/IdeaIC2021.2/plugins/activity-tracker/ide-events.csv,,0,0,Default task
2021-09-02T15:39:35.158+09:00,gold1,IdeState,Active,test,Popup,C:/Users/gold1/AppData/Roaming/JetBrains/IdeaIC2021.2/plugins/activity-tracker/ide-events.csv,,0,0,Default task
2021-09-02T15:39:36.160+09:00,gold1,IdeState,Active,test,Popup,C:/Users/gold1/AppData/Roaming/JetBrains/IdeaIC2021.2/plugins/activity-tracker/ide-events.csv,,0,0,Default task
2021-09-02T15:39:37.168+09:00,gold1,IdeState,Active,test,Popup,C:/Users/gold1/AppData/Roaming/JetBrains/IdeaIC2021.2/plugins/activity-tracker/ide-events.csv,,0,0,Default task
2021-09-02T15:39:38.181+09:00,gold1,IdeState,Active,test,Popup,C:/Users/gold1/AppData/Roaming/JetBrains/IdeaIC2021.2/plugins/activity-tracker/ide-events.csv,,0,0,Default task
2021-09-02T15:39:39.189+09:00,gold1,IdeState,Active,test,Popup,C:/Users/gold1/AppData/Roaming/JetBrains/IdeaIC2021.2/plugins/activity-tracker/ide-events.csv,,0,0,Default task
2021-09-02T15:39:40.202+09:00,gold1,IdeState,Active,test,Popup,C:/Users/gold1/AppData/Roaming/JetBrains/IdeaIC2021.2/plugins/activity-tracker/ide-events.csv,,0,0,Default task
2021-09-02T15:39:41.217+09:00,gold1,IdeState,Active,test,Editor,C:/Users/gold1/AppData/Roaming/JetBrains/IdeaIC2021.2/plugins/activity-tracker/ide-events.csv,,0,0,Default task
2021-09-02T15:39:42.227+09:00,gold1,IdeState,Inactive,,,,,-1,-1,
2021-09-02T15:39:43.234+09:00,gold1,IdeState,Inactive,,,,,-1,-1,
2021-09-02T15:39:44.245+09:00,gold1,IdeState,Inactive,,,,,-1,-1,
2021-09-02T15:39:45.259+09:00,gold1,IdeState,Inactive,,,,,-1,-1,
2021-09-02T15:39:46.261+09:00,gold1,IdeState,Inactive,,,,,-1,-1,
2021-09-02T15:39:47.271+09:00,gold1,IdeState,Inactive,,,,,-1,-1,
2021-09-02T15:39:48.279+09:00,gold1,IdeState,Inactive,,,,,-1,-1,
2021-09-02T15:39:49.283+09:00,gold1,IdeState,Inactive,,,,,-1,-1,
2021-09-02T15:39:50.290+09:00,gold1,IdeState,Inactive,,,,,-1,-1,
2021-09-02T15:39:51.295+09:00,gold1,IdeState,Inactive,,,,,-1,-1,
2021-09-02T15:39:52.302+09:00,gold1,IdeState,Inactive,,,,,-1,-1,
2021-09-02T15:39:53.308+09:00,gold1,IdeState,Inactive,,,,,-1,-1,
2021-09-02T15:39:54.312+09:00,gold1,IdeState,Inactive,,,,,-1,-1,
2021-09-02T15:39:55.322+09:00,gold1,IdeState,Inactive,,,,,-1,-1,
2021-09-02T15:39:56.338+09:00,gold1,IdeState,Inactive,,,,,-1,-1,
2021-09-02T15:39:57.342+09:00,gold1,IdeState,Inactive,,,,,-1,-1,
2021-09-02T15:39:58.345+09:00,gold1,IdeState,Inactive,,,,,-1,-1,
2021-09-02T15:39:59.349+09:00,gold1,IdeState,Inactive,,,,,-1,-1,
2021-09-02T15:40:00.357+09:00,gold1,IdeState,Inactive,,,,,-1,-1,
2021-09-02T15:40:01.362+09:00,gold1,IdeState,Inactive,,,,,-1,-1,
2021-09-02T15:40:02.373+09:00,gold1,IdeState,Inactive,,,,,-1,-1,
2021-09-02T15:40:03.385+09:00,gold1,IdeState,Inactive,,,,,-1,-1,
2021-09-02T15:40:04.394+09:00,gold1,IdeState,Inactive,,,,,-1,-1,
